step,epoch,loss,avg_epoch_loss,lr,logit_scale,logit_bias,elapsed_s
50,1,6.62787,51.806186,2.45e-06,14.2824,-4e-05,27.8
100,1,6.482034,29.172628,4.95e-06,14.2826,-8.7e-05,51.6
150,1,6.354023,21.589318,7.45e-06,14.2834,-0.00015,74.6
200,1,6.156628,17.772429,9.95e-06,14.2848,-0.000246,98.0
250,1,6.197386,15.464448,1.245e-05,14.2861,-0.000345,121.5
300,1,6.111493,13.913236,1.495e-05,14.2875,-0.000444,145.2
350,1,6.090722,12.798333,1.745e-05,14.2885,-0.000543,168.7
400,1,5.950334,11.956096,1.995e-05,14.2899,-0.00066,192.3
450,1,5.989141,11.296733,2.245e-05,14.291,-0.000766,215.7
500,1,5.980533,10.761902,2.495e-05,14.2935,-0.000924,238.8
550,1,5.873496,10.319849,2.745e-05,14.2962,-0.001085,262.7
600,1,5.863103,9.946669,2.995e-05,14.2994,-0.001274,286.0
650,1,5.901192,9.627079,3.245e-05,14.3025,-0.001464,308.8
700,1,5.625938,9.347847,3.495e-05,14.3069,-0.001706,331.8
750,1,5.661513,9.099793,3.745e-05,14.3137,-0.002031,355.0
800,1,5.495892,8.877677,3.995e-05,14.3232,-0.002436,378.3
850,1,5.523912,8.676729,4.245e-05,14.3337,-0.002853,401.6
900,1,5.417137,8.495857,4.495e-05,14.3468,-0.003343,424.3
950,1,5.336275,8.330394,4.745e-05,14.3612,-0.003867,447.0
1000,1,5.224866,8.178781,4.995e-05,14.38,-0.004524,470.4
1050,1,5.194882,8.037826,5.245e-05,14.404,-0.00535,496.6
1100,1,5.137401,7.903647,5.495e-05,14.4339,-0.006366,519.4
1150,1,5.017301,7.780177,5.745e-05,14.4646,-0.007549,542.3
1200,1,5.025542,7.6676,5.995e-05,14.4936,-0.00863,565.2
1250,1,4.899206,7.562634,6.245e-05,14.5245,-0.009687,588.4
1300,1,4.893834,7.4636,6.495e-05,14.5603,-0.010975,611.3
1350,1,5.039633,7.370556,6.745e-05,14.6005,-0.012471,634.0
1400,1,4.906319,7.283638,6.995e-05,14.6347,-0.013673,657.1
1450,1,4.890641,7.200079,7.245e-05,14.6785,-0.015157,680.9
1500,1,4.741577,7.122023,7.495e-05,14.7178,-0.016515,703.6
1550,1,4.805545,7.047978,7.745e-05,14.7622,-0.018054,726.7
1600,1,4.784251,6.978281,7.995e-05,14.8083,-0.019696,749.4
1650,1,4.736412,6.911491,8.245e-05,14.8583,-0.021475,772.9
1700,1,4.76506,6.848015,8.495e-05,14.9086,-0.023182,796.0
1750,1,4.87043,6.788115,8.745e-05,14.9603,-0.024978,818.7
1800,1,4.527864,6.730557,8.995e-05,15.0126,-0.026825,841.7
1850,1,4.678064,6.675112,9.245e-05,15.0706,-0.028839,864.4
1900,1,4.626462,6.622706,9.495e-05,15.1268,-0.030728,887.1
1950,1,4.622269,6.571367,9.745e-05,15.188,-0.032818,909.6
2000,1,4.531783,6.522331,9.995e-05,15.2512,-0.035037,932.2
2050,1,4.525981,6.475469,0.0001,15.315,-0.037285,958.6
2100,1,4.44376,6.429551,0.0001,15.3832,-0.039623,981.4
2150,1,4.728992,6.385435,0.0001,15.449,-0.041888,1005.7
2200,1,4.494394,6.343368,0.0001,15.5151,-0.044165,1029.0
2250,1,4.598239,6.302116,0.0001,15.5819,-0.046571,1051.7
2300,1,4.486663,6.261493,0.0001,15.6503,-0.048923,1074.6
2350,1,4.357955,6.222447,0.0001,15.717,-0.051073,1098.4
2400,1,4.183197,6.184251,0.0001,15.7866,-0.05342,1121.9
2450,1,4.331611,6.14719,0.0001,15.8548,-0.055708,1145.8
2500,1,4.339661,6.110327,0.0001,15.9273,-0.058171,1168.6
2550,1,4.322344,6.074851,0.0001,15.9999,-0.060998,1191.2
2600,1,4.356823,6.040787,0.0001,16.0692,-0.063584,1214.0
2650,1,4.003951,6.006811,0.0001,16.1396,-0.065947,1236.8
2700,1,4.294611,5.974371,9.999e-05,16.2108,-0.06829,1259.4
2750,1,4.300955,5.943464,9.999e-05,16.281,-0.070685,1282.1
2800,1,4.364039,5.912811,9.999e-05,16.3547,-0.073283,1304.7
2850,1,3.812871,5.882849,9.999e-05,16.4285,-0.075946,1328.1
2900,1,4.056227,5.851605,9.999e-05,16.5063,-0.078453,1350.8
2950,1,4.198752,5.82322,9.999e-05,16.5756,-0.080815,1373.4
3000,1,4.081016,5.795224,9.999e-05,16.6452,-0.083134,1396.6
3050,1,4.183537,5.768035,9.999e-05,16.72,-0.085581,1423.3
3100,1,4.041134,5.74152,9.999e-05,16.7964,-0.088206,1446.4
3150,1,3.927081,5.715365,9.998e-05,16.8739,-0.090888,1470.1
3200,1,4.097854,5.690214,9.998e-05,16.9497,-0.093446,1493.9
3250,1,4.055594,5.664652,9.998e-05,17.0258,-0.0958,1517.3
3300,1,3.894878,5.640633,9.998e-05,17.0997,-0.098231,1540.2
3350,1,4.0928,5.616352,9.998e-05,17.1766,-0.10069,1563.2
3400,1,3.812366,5.591527,9.998e-05,17.2558,-0.103092,1585.9
3450,1,3.909822,5.568054,9.998e-05,17.3292,-0.105358,1608.7
3500,1,3.976168,5.545753,9.997e-05,17.4023,-0.107411,1631.4
3550,1,4.179303,5.523837,9.997e-05,17.4761,-0.109453,1654.3
3600,1,4.089051,5.502763,9.997e-05,17.5474,-0.111361,1677.0
3650,1,3.887768,5.481773,9.997e-05,17.6243,-0.11343,1700.2
3700,1,3.750641,5.461098,9.997e-05,17.7013,-0.11559,1723.6
3750,1,3.963591,5.440792,9.996e-05,17.7778,-0.11773,1746.2
3800,1,3.958749,5.42029,9.996e-05,17.856,-0.11982,1769.0
3850,1,3.91691,5.399203,9.996e-05,17.9405,-0.122101,1791.7
3900,1,3.643231,5.378423,9.996e-05,18.018,-0.124271,1814.5
3950,1,4.107377,5.358814,9.996e-05,18.0922,-0.126452,1838.6
4000,1,3.692187,5.338849,9.995e-05,18.1728,-0.128869,1862.9
4050,1,3.706031,5.319861,9.995e-05,18.2494,-0.131092,1892.7
4100,1,3.744884,5.301948,9.995e-05,18.3241,-0.133,1917.0
4150,1,3.736832,5.284369,9.995e-05,18.4031,-0.134974,1942.2
4200,1,3.536005,5.265897,9.994e-05,18.4905,-0.13745,1967.1
4250,1,3.751515,5.248761,9.994e-05,18.5664,-0.139351,1992.0
4300,1,3.954002,5.232298,9.994e-05,18.6431,-0.141155,2016.5
4350,1,3.851908,5.216058,9.993e-05,18.7189,-0.142976,2041.0
4400,1,3.76299,5.199321,9.993e-05,18.8036,-0.144897,2066.0
4450,1,3.875205,5.182378,9.993e-05,18.8898,-0.146947,2091.4
4500,1,3.940627,5.166054,9.993e-05,18.9716,-0.148984,2116.1
4550,1,3.812439,5.150672,9.992e-05,19.0493,-0.150809,2139.8
4600,1,3.775931,5.13482,9.992e-05,19.1295,-0.152636,2164.1
4650,1,3.787777,5.119663,9.992e-05,19.208,-0.154177,2187.7
4700,1,3.669616,5.1049,9.991e-05,19.2843,-0.155797,2211.2
4750,1,3.619943,5.089988,9.991e-05,19.3661,-0.157479,2234.2
4800,1,3.687919,5.075157,9.991e-05,19.4501,-0.159351,2257.4
4850,1,3.451165,5.060512,9.99e-05,19.5333,-0.161142,2280.3
4900,1,3.692311,5.046089,9.99e-05,19.612,-0.162745,2303.7
4950,1,3.61472,5.03178,9.99e-05,19.6957,-0.164381,2326.8
5000,1,3.566229,5.017739,9.989e-05,19.7738,-0.165803,2350.5
5050,1,3.698003,5.003595,9.989e-05,19.8547,-0.167219,2377.2
5100,1,3.326864,4.989416,9.989e-05,19.9365,-0.168874,2399.7
5150,1,3.675023,4.975137,9.988e-05,20.0201,-0.170649,2422.4
5200,1,3.376548,4.959588,9.988e-05,20.1064,-0.172353,2445.2
5250,1,3.596616,4.946302,9.988e-05,20.1742,-0.173808,2467.9
5300,1,3.473225,4.932782,9.987e-05,20.2528,-0.175312,2490.7
5350,1,3.660781,4.919253,9.987e-05,20.3329,-0.176723,2513.4
5400,1,3.599282,4.905889,9.986e-05,20.4148,-0.178235,2536.0
5450,1,3.326157,4.892741,9.986e-05,20.4974,-0.179695,2559.1
5500,1,3.402027,4.878927,9.986e-05,20.5872,-0.181442,2581.9
5550,1,3.677295,4.866578,9.985e-05,20.6579,-0.182736,2604.7
5600,1,3.763572,4.85498,9.985e-05,20.7243,-0.183801,2627.8
5650,1,3.546982,4.842907,9.984e-05,20.8121,-0.185221,2650.9
5700,1,3.552155,4.830712,9.984e-05,20.8967,-0.186767,2673.9
5750,1,3.299865,4.819069,9.983e-05,20.9722,-0.187962,2696.9
5800,1,3.298937,4.807291,9.983e-05,21.0602,-0.189361,2720.0
5850,1,3.141556,4.794288,9.982e-05,21.1602,-0.191026,2743.0
5900,1,3.613429,4.781712,9.982e-05,21.2436,-0.192565,2766.0
5950,1,3.177628,4.769225,9.982e-05,21.3197,-0.193804,2788.6
6000,1,3.686942,4.757435,9.981e-05,21.3967,-0.195154,2811.3
6050,1,3.638422,4.746154,9.981e-05,21.4739,-0.196396,2838.9
6100,1,3.237851,4.735902,9.98e-05,21.5379,-0.197418,2862.0
6150,1,3.267046,4.725655,9.98e-05,21.6162,-0.198557,2884.8
6200,1,3.688684,4.714719,9.979e-05,21.7048,-0.199786,2907.3
6250,1,3.432948,4.70452,9.979e-05,21.7768,-0.200928,2931.1
6300,1,3.231289,4.694272,9.978e-05,21.8498,-0.201936,2954.2
6350,1,3.298974,4.683057,9.978e-05,21.9431,-0.203273,2976.8
6400,1,3.121548,4.671448,9.977e-05,22.0331,-0.204674,2999.5
6450,1,3.004491,4.66033,9.977e-05,22.1134,-0.205888,3022.3
6500,1,3.455149,4.649712,9.976e-05,22.1836,-0.206902,3045.0
6550,1,3.283327,4.639969,9.976e-05,22.246,-0.207871,3067.6
6600,1,3.535609,4.630706,9.975e-05,22.3098,-0.208777,3090.2
6650,1,3.351415,4.621673,9.974e-05,22.378,-0.209581,3113.2
6700,1,3.290277,4.61256,9.974e-05,22.4548,-0.210465,3136.2
6750,1,3.14437,4.603565,9.973e-05,22.5168,-0.211109,3159.7
6800,1,3.337909,4.594434,9.973e-05,22.5873,-0.211908,3182.3
6850,1,3.329895,4.585536,9.972e-05,22.6581,-0.212759,3205.6
6900,1,3.558542,4.576567,9.972e-05,22.736,-0.213583,3228.5
6950,1,2.94087,4.567257,9.971e-05,22.8156,-0.214591,3251.6
7000,1,3.333634,4.558255,9.97e-05,22.8891,-0.215463,3274.5
7050,1,3.290552,4.549476,9.97e-05,22.956,-0.216285,3301.0
7100,1,3.265251,4.540876,9.969e-05,23.0279,-0.217085,3323.8
7150,1,3.018422,4.531786,9.969e-05,23.1197,-0.218194,3347.3
7200,1,2.855631,4.521632,9.968e-05,23.2166,-0.219495,3370.0
7250,1,3.536418,4.512185,9.967e-05,23.2934,-0.22059,3392.7
7300,1,3.18314,4.502824,9.967e-05,23.3623,-0.221616,3415.4
7350,1,3.113313,4.493423,9.966e-05,23.4412,-0.22268,3438.0
7400,1,3.318611,4.485435,9.966e-05,23.4914,-0.223395,3460.5
7450,1,3.391839,4.477697,9.965e-05,23.5541,-0.224247,3483.2
7500,1,3.256726,4.469158,9.964e-05,23.6354,-0.225194,3506.6
7550,1,3.186888,4.461337,9.964e-05,23.6903,-0.225896,3530.1
7600,1,2.94191,4.453027,9.963e-05,23.7646,-0.22659,3553.3
7650,1,2.743175,4.44433,9.962e-05,23.8466,-0.227501,3576.2
7700,1,3.515572,4.436053,9.962e-05,23.9129,-0.228365,3599.1
7750,1,3.033161,4.427938,9.961e-05,23.9768,-0.22906,3622.0
7800,1,3.280319,4.420218,9.96e-05,24.0368,-0.229723,3645.0
7850,1,3.220763,4.412387,9.96e-05,24.1018,-0.23041,3667.6
7900,1,3.261982,4.405048,9.959e-05,24.1623,-0.231082,3690.7
7950,1,3.098414,4.397196,9.958e-05,24.2348,-0.231847,3713.5
8000,1,3.050629,4.389187,9.958e-05,24.3113,-0.232679,3736.3
8050,1,3.248518,4.381422,9.957e-05,24.385,-0.233506,3762.6
8100,1,3.106047,4.373728,9.956e-05,24.4516,-0.234236,3785.3
8150,1,3.371109,4.365686,9.955e-05,24.5361,-0.235049,3807.9
8200,1,2.857162,4.357814,9.955e-05,24.6059,-0.2358,3830.4
8250,1,3.227123,4.350582,9.954e-05,24.6631,-0.236502,3853.0
8300,1,2.995395,4.343771,9.953e-05,24.7106,-0.237121,3875.8
8350,1,3.122067,4.336727,9.952e-05,24.7791,-0.237812,3898.9
8400,1,3.315396,4.329179,9.952e-05,24.8599,-0.238582,3921.5
8450,1,3.018124,4.321067,9.951e-05,24.9502,-0.239522,3944.2
8500,1,2.936777,4.313509,9.95e-05,25.0181,-0.240332,3966.9
8550,1,3.23284,4.305885,9.949e-05,25.0884,-0.241088,3989.5
8600,1,3.083392,4.298491,9.949e-05,25.144,-0.241808,4012.2
8650,1,2.822971,4.291038,9.948e-05,25.2031,-0.242481,4034.8
8700,1,3.096796,4.283617,9.947e-05,25.2701,-0.243258,4057.4
8750,1,2.999526,4.276006,9.946e-05,25.331,-0.244065,4080.0
8800,1,2.894996,4.268816,9.945e-05,25.3797,-0.244723,4102.6
8850,1,3.147871,4.261655,9.945e-05,25.4389,-0.245379,4125.1
8900,1,2.834583,4.254416,9.944e-05,25.4917,-0.245888,4147.9
8950,1,2.427378,4.246867,9.943e-05,25.5612,-0.246575,4170.4
9000,1,3.105992,4.239474,9.942e-05,25.6166,-0.247198,4193.1
9050,1,3.217598,4.233305,9.941e-05,25.6422,-0.247544,4219.7
9100,1,3.025702,4.227199,9.941e-05,25.6834,-0.248069,4242.4
9150,1,2.550946,4.220229,9.94e-05,25.7577,-0.248833,4265.0
9200,1,3.139751,4.213451,9.939e-05,25.8111,-0.249437,4287.8
9250,1,2.932206,4.207003,9.938e-05,25.8653,-0.250067,4310.4
9300,1,2.752715,4.200433,9.937e-05,25.9243,-0.250706,4333.1
9350,1,2.574453,4.192866,9.936e-05,25.9941,-0.251494,4355.7
9400,1,3.167193,4.185951,9.935e-05,26.0505,-0.252181,4378.4
9450,1,2.866745,4.178591,9.935e-05,26.1181,-0.252977,4401.1
9500,1,2.929958,4.172053,9.934e-05,26.1592,-0.25349,4423.7
9550,1,2.890394,4.166083,9.933e-05,26.1875,-0.253971,4446.4
9600,1,2.853197,4.160499,9.932e-05,26.2123,-0.254364,4469.0
9650,1,3.191242,4.154854,9.931e-05,26.2516,-0.254839,4491.6
9700,1,2.857331,4.149211,9.93e-05,26.2971,-0.255327,4514.2
9750,1,3.281099,4.143595,9.929e-05,26.3508,-0.255915,4536.8
9800,1,3.130344,4.138231,9.928e-05,26.3906,-0.256395,4559.6
9850,1,3.088234,4.13199,9.927e-05,26.453,-0.257036,4582.2
9900,1,2.936007,4.125901,9.926e-05,26.4872,-0.257467,4604.8
9950,1,3.054841,4.120375,9.925e-05,26.5209,-0.25795,4627.5
10000,1,3.020319,4.114965,9.925e-05,26.5554,-0.258421,4650.3
10050,1,2.952492,4.109483,9.924e-05,26.6035,-0.25897,4676.9
10100,1,2.467123,4.102984,9.923e-05,26.6953,-0.25978,4699.5
10150,1,3.010743,4.097601,9.922e-05,26.7338,-0.26021,4722.2
10200,1,2.834982,4.091966,9.921e-05,26.7924,-0.260785,4745.0
10250,1,3.080601,4.08631,9.92e-05,26.8321,-0.261244,4767.7
10300,1,3.05956,4.08116,9.919e-05,26.8633,-0.261671,4790.4
10350,1,3.328053,4.076203,9.918e-05,26.9029,-0.262111,4813.0
10400,1,3.08799,4.070956,9.917e-05,26.951,-0.262707,4835.6
10450,1,2.565057,4.064987,9.916e-05,27.0177,-0.263435,4858.3
10500,1,2.413024,4.059111,9.915e-05,27.0781,-0.264134,4881.1
10550,1,3.268293,4.052735,9.914e-05,27.1376,-0.264817,4903.7
10600,1,3.242483,4.046533,9.913e-05,27.1899,-0.265501,4926.3
10650,1,2.807251,4.041116,9.912e-05,27.2135,-0.265975,4949.0
10700,1,2.877078,4.035816,9.911e-05,27.2381,-0.266369,4971.7
10750,1,2.838651,4.030712,9.91e-05,27.2746,-0.266809,4994.2
10800,1,2.578657,4.024789,9.909e-05,27.3433,-0.267382,5016.9
10850,1,2.935366,4.019363,9.908e-05,27.3959,-0.267868,5039.5
10900,1,2.893449,4.014114,9.907e-05,27.4435,-0.268347,5062.0
10950,1,2.887684,4.008521,9.906e-05,27.5045,-0.268883,5084.7
11000,1,2.651887,4.003362,9.905e-05,27.5448,-0.26936,5107.2
11050,1,2.939565,3.998494,9.904e-05,27.5807,-0.269787,5133.7
11100,1,2.764357,3.993656,9.902e-05,27.6121,-0.270191,5156.4
11150,1,2.651832,3.98863,9.901e-05,27.6578,-0.270625,5179.0
11200,1,3.025316,3.983314,9.9e-05,27.7187,-0.271203,5201.7
11250,1,2.846582,3.97829,9.899e-05,27.7546,-0.271613,5224.4
11300,1,3.005756,3.973673,9.898e-05,27.7865,-0.272017,5247.0
11350,1,2.997388,3.968935,9.897e-05,27.825,-0.27246,5269.6
11400,1,2.660278,3.964289,9.896e-05,27.8631,-0.272862,5292.1
11450,1,2.855373,3.959814,9.895e-05,27.8925,-0.273263,5314.8
11500,1,2.946076,3.954987,9.894e-05,27.9334,-0.273657,5337.4
11550,1,2.814187,3.949888,9.893e-05,27.9822,-0.27416,5359.9
11600,1,2.756567,3.944458,9.891e-05,28.0623,-0.274773,5382.6
11650,1,2.961474,3.938578,9.89e-05,28.1398,-0.275435,5405.2
11700,1,2.424968,3.933228,9.889e-05,28.1899,-0.275924,5427.8
11750,1,2.80884,3.92805,9.888e-05,28.2302,-0.276414,5450.4
11800,1,2.826306,3.92318,9.887e-05,28.2613,-0.27686,5473.0
11850,1,3.13968,3.918194,9.886e-05,28.3024,-0.277306,5495.7
11900,1,2.893018,3.913318,9.885e-05,28.3489,-0.277754,5518.4
11950,1,2.745847,3.908601,9.883e-05,28.3838,-0.278198,5541.0
12000,1,2.75601,3.904088,9.882e-05,28.4148,-0.278628,5563.5
12050,1,2.74714,3.899141,9.881e-05,28.4705,-0.279137,5590.6
12100,1,2.957,3.894406,9.88e-05,28.529,-0.279622,5613.1
12150,1,2.940082,3.889761,9.879e-05,28.572,-0.28001,5635.8
12200,1,2.601289,3.885012,9.878e-05,28.6279,-0.280481,5658.2
12250,1,2.718367,3.880347,9.876e-05,28.6705,-0.280867,5680.8
12300,1,2.848215,3.876075,9.875e-05,28.6894,-0.281176,5703.3
12350,1,2.532477,3.871459,9.874e-05,28.7337,-0.281539,5725.9
12400,1,2.865618,3.866549,9.873e-05,28.7824,-0.281981,5748.6
12450,1,2.865638,3.86156,9.871e-05,28.8365,-0.282531,5771.2
12500,1,2.730186,3.856857,9.87e-05,28.8699,-0.282934,5793.8
12550,1,2.603945,3.852179,9.869e-05,28.9085,-0.283348,5816.4
12600,1,2.879862,3.847323,9.868e-05,28.9691,-0.283833,5839.1
12650,1,2.75924,3.842807,9.867e-05,29.0183,-0.284221,5861.7
12700,1,3.141219,3.838786,9.865e-05,29.0396,-0.284575,5884.5
12750,1,2.531276,3.834546,9.864e-05,29.0741,-0.284993,5907.0
12800,1,2.660554,3.830274,9.863e-05,29.1093,-0.285384,5929.7
12850,1,2.901909,3.825957,9.862e-05,29.1341,-0.285723,5954.0
12900,1,2.547637,3.822095,9.86e-05,29.1547,-0.286001,5977.8
12950,1,2.528091,3.817795,9.859e-05,29.1913,-0.286475,6002.4
13000,1,2.98012,3.813768,9.858e-05,29.2084,-0.28677,6026.0
13050,1,1.830846,3.808782,9.856e-05,29.2681,-0.287204,6052.9
13100,1,2.491547,3.80423,9.855e-05,29.299,-0.287615,6076.4
13150,1,2.882491,3.80023,9.854e-05,29.311,-0.287905,6099.0
13200,1,2.837782,3.796255,9.852e-05,29.3414,-0.288199,6121.8
13250,1,2.734228,3.791424,9.851e-05,29.429,-0.288771,6144.4
13300,1,2.695141,3.787528,9.85e-05,29.4422,-0.289113,6166.9
13350,1,2.500435,3.782994,9.849e-05,29.504,-0.289618,6189.5
13400,1,2.790612,3.778877,9.847e-05,29.5359,-0.290019,6212.4
13450,1,2.997048,3.775047,9.846e-05,29.5619,-0.290361,6236.0
13500,1,2.342567,3.771091,9.845e-05,29.5908,-0.290677,6258.8
13550,1,2.559495,3.766821,9.843e-05,29.6414,-0.291162,6281.4
13600,1,2.777155,3.762489,9.842e-05,29.6938,-0.291564,6304.1
13650,1,2.663292,3.758629,9.84e-05,29.7056,-0.291823,6326.9
13700,1,2.630549,3.755113,9.839e-05,29.7018,-0.292074,6349.4
13750,1,2.681511,3.751433,9.838e-05,29.7214,-0.292407,6372.2
13800,1,2.585598,3.747743,9.836e-05,29.7492,-0.292757,6395.0
13850,1,2.65172,3.744171,9.835e-05,29.7798,-0.293145,6417.7
13900,1,2.709295,3.740769,9.834e-05,29.7865,-0.293321,6440.4
13950,1,2.796603,3.737601,9.832e-05,29.8024,-0.293575,6463.0
14000,1,2.649161,3.734105,9.831e-05,29.8339,-0.293883,6485.8
14050,1,2.483521,3.729829,9.829e-05,29.9155,-0.294355,6512.1
14100,1,2.692568,3.726061,9.828e-05,29.9403,-0.294676,6534.7
14150,1,2.652555,3.722642,9.827e-05,29.9609,-0.294959,6557.3
14200,1,2.693846,3.719295,9.825e-05,29.9735,-0.295205,6580.1
14250,1,2.680045,3.715653,9.824e-05,30.0218,-0.295598,6603.0
14300,1,2.760587,3.711793,9.822e-05,30.0773,-0.296005,6625.7
14350,1,2.843668,3.707953,9.821e-05,30.1121,-0.296447,6648.5
14400,1,2.673463,3.704194,9.819e-05,30.1386,-0.296822,6671.2
14450,1,2.05922,3.700415,9.818e-05,30.1786,-0.297244,6693.9
14500,1,2.101109,3.696242,9.816e-05,30.231,-0.297738,6716.6
14550,1,2.585184,3.692153,9.815e-05,30.2685,-0.29816,6739.3
14600,1,2.706613,3.688743,9.814e-05,30.2788,-0.298375,6761.9
14650,1,2.23783,3.685224,9.812e-05,30.3014,-0.298664,6784.7
14700,1,2.695365,3.681923,9.811e-05,30.3147,-0.29892,6807.3
14750,1,2.45353,3.678354,9.809e-05,30.3522,-0.299252,6830.4
14800,1,2.296446,3.67435,9.808e-05,30.4068,-0.29968,6853.1
14850,1,2.499713,3.670407,9.806e-05,30.4582,-0.300078,6875.8
14900,1,2.614852,3.666546,9.805e-05,30.5008,-0.300485,6898.5
14950,1,2.952515,3.663311,9.803e-05,30.5077,-0.300774,6921.1
15000,1,2.750374,3.66016,9.802e-05,30.5191,-0.301033,6943.9
15050,1,2.658268,3.65717,9.8e-05,30.5176,-0.301248,6970.5
15100,1,2.641504,3.653806,9.799e-05,30.5482,-0.301571,6993.0
15150,1,2.595163,3.649925,9.797e-05,30.608,-0.301969,7015.6
15200,1,2.503841,3.645448,9.795e-05,30.7017,-0.302604,7038.2
15250,1,2.341302,3.641514,9.794e-05,30.7497,-0.303079,7060.9
15300,1,2.676087,3.638049,9.792e-05,30.7686,-0.303388,7083.6
15350,1,2.435503,3.63423,9.791e-05,30.8251,-0.303738,7106.2
15400,1,2.662957,3.630559,9.789e-05,30.8783,-0.30423,7128.9
15450,1,2.44948,3.627051,9.788e-05,30.899,-0.304523,7151.8
15500,1,2.635273,3.623742,9.786e-05,30.9262,-0.30485,7174.4
15550,1,2.384309,3.620803,9.785e-05,30.9148,-0.305099,7197.0
15600,1,2.635909,3.617237,9.783e-05,30.9569,-0.305448,7219.6
15650,1,2.690723,3.613796,9.781e-05,30.9834,-0.305832,7242.3
15700,1,2.402349,3.61065,9.78e-05,30.9876,-0.306063,7265.0
15750,1,2.447214,3.607109,9.778e-05,31.037,-0.306513,7287.7
15800,1,2.50062,3.603299,9.777e-05,31.0909,-0.307027,7310.4
15850,1,2.508721,3.600234,9.775e-05,31.0961,-0.307323,7333.1
15900,1,2.25554,3.596619,9.773e-05,31.139,-0.307749,7355.7
15950,1,2.8693,3.593468,9.772e-05,31.1524,-0.308042,7378.3
16000,1,2.683463,3.589707,9.77e-05,31.2006,-0.308346,7400.9
16050,1,2.410418,3.586023,9.768e-05,31.2439,-0.308743,7427.5
16100,1,2.255194,3.582585,9.767e-05,31.2674,-0.309075,7452.3
16150,1,2.758542,3.579429,9.765e-05,31.2843,-0.309326,7475.1
16200,1,2.824115,3.575576,9.764e-05,31.3403,-0.309823,7497.9
16250,1,2.369336,3.571978,9.762e-05,31.3741,-0.310209,7520.6
16300,1,1.40384,3.567975,9.76e-05,31.4174,-0.310635,7543.3
16350,1,2.537495,3.564391,9.759e-05,31.4414,-0.310902,7565.9
16400,1,2.692055,3.561157,9.757e-05,31.447,-0.311127,7588.6
16450,1,2.757277,3.558324,9.755e-05,31.4414,-0.311319,7611.5
16500,1,2.721721,3.555633,9.754e-05,31.4364,-0.311554,7634.4
16550,1,2.767717,3.552843,9.752e-05,31.4505,-0.311849,7657.0
16600,1,2.689317,3.549239,9.75e-05,31.5168,-0.312284,7679.9
16650,1,2.373058,3.546059,9.748e-05,31.5314,-0.31256,7702.7
16700,1,2.402175,3.543133,9.747e-05,31.5467,-0.312827,7725.5
16750,1,2.603635,3.539966,9.745e-05,31.5933,-0.31322,7749.0
16800,1,2.514878,3.537047,9.743e-05,31.6139,-0.313549,7771.6
16850,1,2.502173,3.534174,9.742e-05,31.6277,-0.313833,7794.2
16900,1,2.538708,3.531194,9.74e-05,31.6587,-0.314193,7816.9
16950,1,2.150426,3.527493,9.738e-05,31.7301,-0.31464,7839.6
17000,1,2.589528,3.523885,9.736e-05,31.7772,-0.31502,7862.3
17050,1,2.712717,3.520505,9.735e-05,31.8123,-0.315308,7889.5
17100,1,2.384851,3.517503,9.733e-05,31.8207,-0.315644,7912.3
17150,1,2.73852,3.514955,9.731e-05,31.8129,-0.315857,7935.0
17200,1,2.538024,3.512191,9.729e-05,31.8379,-0.316196,7957.7
17250,1,2.620705,3.509471,9.728e-05,31.8491,-0.316557,7980.3
17300,1,2.276452,3.506263,9.726e-05,31.9016,-0.316979,8003.0
17350,1,2.736068,3.503139,9.724e-05,31.9443,-0.317355,8025.8
17400,1,2.264606,3.500191,9.722e-05,31.964,-0.317663,8048.9
17450,1,2.686769,3.497356,9.721e-05,31.977,-0.317934,8071.9
17500,1,2.302763,3.494659,9.719e-05,31.9852,-0.318222,8094.7
17550,1,2.744551,3.491509,9.717e-05,32.0345,-0.31856,8117.4
17600,1,2.432891,3.48882,9.715e-05,32.0368,-0.318811,8140.2
17650,1,1.744171,3.485698,9.713e-05,32.0756,-0.319155,8162.9
17700,1,2.324843,3.482591,9.711e-05,32.106,-0.319434,8185.6
17750,1,2.714466,3.479894,9.71e-05,32.1121,-0.319699,8208.4
17800,1,2.761902,3.477342,9.708e-05,32.1276,-0.319994,8231.0
17850,1,2.467428,3.474421,9.706e-05,32.158,-0.320288,8253.6
17900,1,2.488764,3.471732,9.704e-05,32.1765,-0.320592,8276.3
17950,1,2.767068,3.46915,9.702e-05,32.1842,-0.320858,8298.9
18000,1,2.236897,3.46646,9.7e-05,32.2083,-0.321212,8321.4
18050,1,1.838769,3.463382,9.699e-05,32.2471,-0.321526,8348.9
18100,1,2.538862,3.460251,9.697e-05,32.2816,-0.321838,8371.7
18150,1,2.52342,3.457921,9.695e-05,32.2709,-0.321973,8394.4
18200,1,2.357852,3.455129,9.693e-05,32.3003,-0.322297,8416.9
18250,1,2.612166,3.452559,9.691e-05,32.3195,-0.322625,8439.7
18300,1,2.626915,3.449516,9.689e-05,32.3797,-0.322995,8462.3
18350,1,2.619991,3.446633,9.687e-05,32.3974,-0.323315,8484.9
18400,1,2.21694,3.443959,9.685e-05,32.4174,-0.323593,8507.4
18450,1,2.463613,3.441208,9.684e-05,32.4396,-0.323964,8530.1
18500,1,2.419331,3.438658,9.682e-05,32.4515,-0.324213,8552.6
18550,1,1.88805,3.435713,9.68e-05,32.5032,-0.324513,8575.4
18600,1,2.563642,3.433178,9.678e-05,32.5099,-0.324791,8598.0
18650,1,2.374251,3.430652,9.676e-05,32.534,-0.325071,8620.6
18700,1,2.257413,3.428037,9.674e-05,32.5508,-0.325361,8643.2
18750,1,1.904439,3.425483,9.672e-05,32.5637,-0.325697,8665.8
18800,1,2.296833,3.422367,9.67e-05,32.6279,-0.326099,8688.5
18850,1,2.369671,3.419654,9.668e-05,32.6347,-0.326352,8711.0
18900,1,2.429148,3.41689,9.666e-05,32.664,-0.326681,8733.7
18950,1,2.675291,3.41436,9.664e-05,32.6701,-0.326914,8756.4
19000,1,2.446733,3.411733,9.662e-05,32.6926,-0.327195,8779.1
19050,1,2.074011,3.408789,9.66e-05,32.7417,-0.327503,8805.8
19100,1,2.392929,3.406031,9.658e-05,32.777,-0.327841,8828.4
19150,1,2.483195,3.403673,9.656e-05,32.7771,-0.328076,8851.0
19200,1,2.592952,3.401451,9.654e-05,32.7832,-0.32833,8873.6
19250,1,2.729706,3.39909,9.652e-05,32.7855,-0.328579,8896.2
19300,1,2.327679,3.396352,9.65e-05,32.8479,-0.329022,8918.7
19350,1,2.328212,3.393317,9.648e-05,32.9241,-0.329405,8941.3
19400,1,2.206266,3.390423,9.646e-05,32.9688,-0.329807,8963.9
19450,1,2.514217,3.387863,9.644e-05,32.9825,-0.330076,8986.5
19500,1,2.481932,3.385511,9.642e-05,32.975,-0.330216,9009.2
19550,1,2.528853,3.383226,9.64e-05,32.9738,-0.330482,9031.9
19600,1,2.636413,3.380752,9.638e-05,32.9894,-0.330749,9054.5
19650,1,2.586016,3.378085,9.636e-05,33.0008,-0.331007,9077.2
19700,1,2.545655,3.375688,9.634e-05,33.0107,-0.331243,9099.9
19750,1,1.905125,3.373474,9.632e-05,33.0053,-0.331421,9122.7
19800,1,2.663828,3.370881,9.63e-05,33.0388,-0.331751,9145.5
19850,1,1.980654,3.367989,9.628e-05,33.0721,-0.332071,9168.1
19900,1,2.297934,3.365356,9.626e-05,33.0952,-0.332352,9190.7
19950,1,2.446136,3.362505,9.624e-05,33.1475,-0.332753,9213.4
20000,1,2.55526,3.359869,9.622e-05,33.1742,-0.333029,9236.1
20050,1,2.450843,3.35787,9.62e-05,33.1481,-0.333199,9263.0
20100,1,2.121006,3.355417,9.618e-05,33.172,-0.333467,9285.7
20150,1,2.133071,3.35306,9.616e-05,33.1798,-0.333652,9308.4
20200,1,2.494854,3.350528,9.614e-05,33.2267,-0.333986,9331.0
20250,1,2.330547,3.348219,9.611e-05,33.2376,-0.334285,9353.8
20300,1,2.536324,3.346254,9.609e-05,33.2132,-0.334443,9376.5
20350,1,2.499111,3.344075,9.607e-05,33.2207,-0.334695,9399.2
20400,1,2.558508,3.341395,9.605e-05,33.262,-0.335061,9421.8
20450,1,2.04993,3.338874,9.603e-05,33.2826,-0.335317,9444.5
20500,1,2.251501,3.336576,9.601e-05,33.2887,-0.335526,9467.1
20550,1,2.479305,3.334388,9.599e-05,33.2921,-0.335734,9489.7
20600,1,2.582338,3.332191,9.597e-05,33.302,-0.335961,9512.4
20650,1,2.558815,3.329879,9.594e-05,33.3172,-0.336154,9534.9
20700,1,2.068732,3.327325,9.592e-05,33.3547,-0.336446,9557.6
20750,1,2.179023,3.324651,9.59e-05,33.4047,-0.33671,9580.4
20800,1,2.256971,3.322203,9.588e-05,33.43,-0.336979,9603.0
20850,1,2.155044,3.320003,9.586e-05,33.4314,-0.337161,9625.7
20900,1,2.591575,3.317774,9.584e-05,33.4389,-0.337374,9648.4
20950,1,2.098328,3.315499,9.582e-05,33.4562,-0.33765,9671.1
21000,1,2.584213,3.313238,9.579e-05,33.4907,-0.337903,9693.7
21050,1,1.997895,3.310762,9.577e-05,33.5136,-0.338174,9720.6
21100,1,2.139408,3.308305,9.575e-05,33.5397,-0.338476,9743.3
21150,1,2.078606,3.305963,9.573e-05,33.562,-0.33874,9765.9
21200,1,2.442806,3.304018,9.571e-05,33.5468,-0.338946,9788.6
21250,1,2.533428,3.302057,9.568e-05,33.5575,-0.339187,9811.2
21300,1,2.159798,3.299973,9.566e-05,33.5791,-0.339356,9833.9
21350,1,2.262727,3.297714,9.564e-05,33.5975,-0.339588,9856.8
21400,1,2.247746,3.295372,9.562e-05,33.6302,-0.339847,9880.7
21450,1,1.730373,3.292205,9.559e-05,33.7394,-0.340361,9904.5
21500,1,2.491728,3.290064,9.557e-05,33.7371,-0.340526,9928.4
21550,1,2.263534,3.287925,9.555e-05,33.7352,-0.34068,9952.2
21600,1,2.599382,3.285894,9.553e-05,33.7327,-0.340889,9976.7
21650,1,2.087357,3.284031,9.551e-05,33.7359,-0.34111,10000.5
21700,1,2.422097,3.281841,9.548e-05,33.7749,-0.341473,10023.1
21750,1,2.159193,3.279013,9.546e-05,33.8523,-0.341876,10045.8
21800,1,2.352984,3.276512,9.544e-05,33.8914,-0.342237,10068.4
21850,1,2.426025,3.27421,9.541e-05,33.9098,-0.342528,10091.1
21900,1,1.796538,3.2719,9.539e-05,33.9355,-0.342748,10113.8
21950,1,2.207301,3.269678,9.537e-05,33.9522,-0.343044,10136.5
22000,1,2.422824,3.267661,9.535e-05,33.9452,-0.343254,10159.2
22050,1,2.352862,3.265799,9.532e-05,33.9415,-0.343502,10185.9
22100,1,2.253837,3.263804,9.53e-05,33.9659,-0.343808,10208.7
22150,1,2.149126,3.261489,9.528e-05,34.0065,-0.343986,10231.4
22200,1,2.539161,3.259232,9.525e-05,34.0328,-0.344251,10254.1
22250,1,2.232273,3.257288,9.523e-05,34.0363,-0.344452,10276.8
22300,1,1.918219,3.255381,9.521e-05,34.0436,-0.344685,10299.5
22350,1,2.328268,3.253101,9.518e-05,34.0718,-0.34492,10322.2
22400,1,2.263732,3.251124,9.516e-05,34.0681,-0.345102,10344.8
22450,1,2.14929,3.249087,9.514e-05,34.0911,-0.345373,10367.6
22500,1,2.340169,3.246771,9.511e-05,34.1278,-0.345652,10390.3
22550,1,1.717422,3.244344,9.509e-05,34.1602,-0.345953,10413.0
22600,1,2.37142,3.241865,9.507e-05,34.2018,-0.346319,10435.6
22650,1,2.31908,3.239633,9.504e-05,34.218,-0.346569,10458.3
22700,1,2.17908,3.237234,9.502e-05,34.2705,-0.346899,10480.8
22750,1,2.116201,3.234815,9.5e-05,34.3246,-0.347267,10503.4
22800,1,2.136387,3.232922,9.497e-05,34.3018,-0.347471,10526.2
22850,1,2.633758,3.231107,9.495e-05,34.2786,-0.347568,10548.9
22900,1,2.360427,3.229243,9.493e-05,34.2829,-0.347749,10571.6
22950,1,2.268798,3.227267,9.49e-05,34.3097,-0.348056,10594.3
23000,1,2.062993,3.224908,9.488e-05,34.3657,-0.348382,10616.9
23050,1,2.089501,3.222305,9.485e-05,34.4615,-0.348821,10643.8
23100,1,2.290059,3.220119,9.483e-05,34.4882,-0.349121,10666.5
23150,1,2.558463,3.217915,9.481e-05,34.5107,-0.349408,10689.1
23200,1,1.509592,3.21529,9.478e-05,34.5812,-0.349815,10711.8
23250,1,2.085623,3.212577,9.476e-05,34.6537,-0.350192,10734.6
23300,1,2.229007,3.210128,9.473e-05,34.6717,-0.350447,10757.2
23350,1,2.13969,3.208,9.471e-05,34.672,-0.350736,10779.8
23400,1,2.388007,3.206102,9.468e-05,34.6696,-0.350924,10802.5
23450,1,2.370064,3.204267,9.466e-05,34.6632,-0.351125,10825.2
23500,1,2.348105,3.202341,9.464e-05,34.6662,-0.351358,10847.9
23550,1,2.399375,3.200461,9.461e-05,34.6653,-0.351591,10870.7
23600,1,2.264132,3.198639,9.459e-05,34.6681,-0.35176,10893.5
23650,1,2.076456,3.196726,9.456e-05,34.6814,-0.351993,10916.3
23700,1,2.498799,3.194704,9.454e-05,34.7054,-0.352214,10939.1
23750,1,2.540464,3.192763,9.451e-05,34.701,-0.35238,10961.7
23800,1,2.309967,3.190907,9.449e-05,34.7062,-0.352623,10984.4
23850,1,1.813578,3.188903,9.446e-05,34.7303,-0.352847,11007.1
23900,1,2.681712,3.186863,9.444e-05,34.7426,-0.353018,11029.7
23950,1,2.258545,3.185261,9.441e-05,34.7245,-0.353167,11052.3
24000,1,2.148368,3.183384,9.439e-05,34.7531,-0.353412,11075.0
24050,1,2.339161,3.181302,9.436e-05,34.7917,-0.353692,11101.2
24100,1,1.732766,3.178857,9.434e-05,34.8634,-0.35407,11123.8
24150,1,1.91598,3.17644,9.431e-05,34.9274,-0.354497,11146.5
24200,1,2.260563,3.174265,9.429e-05,34.9444,-0.354731,11169.1
24250,1,2.030626,3.172186,9.426e-05,34.9726,-0.354947,11191.7
24300,1,2.045031,3.169977,9.424e-05,35.0061,-0.35521,11214.3
24350,1,1.865862,3.167439,9.421e-05,35.097,-0.355579,11237.1
24400,1,2.385704,3.165633,9.419e-05,35.0714,-0.355767,11259.7
24450,1,2.481041,3.163687,9.416e-05,35.0882,-0.355971,11282.4
24500,1,2.213958,3.16167,9.413e-05,35.0975,-0.356148,11305.3
24550,1,2.112702,3.159439,9.411e-05,35.129,-0.356459,11328.0
24600,1,2.338834,3.156803,9.408e-05,35.206,-0.356854,11350.6
24650,1,2.327265,3.154652,9.406e-05,35.2186,-0.357054,11373.2
24700,1,1.698365,3.15247,9.403e-05,35.2451,-0.357305,11395.9
24750,1,1.837425,3.150106,9.401e-05,35.2936,-0.357683,11418.6
24800,1,1.733239,3.147874,9.398e-05,35.3238,-0.357984,11441.2
24850,1,2.37762,3.146009,9.395e-05,35.3197,-0.358166,11463.7
24900,1,2.101166,3.1443,9.393e-05,35.304,-0.358345,11486.3
24950,1,2.222018,3.142641,9.39e-05,35.3004,-0.358525,11509.0
25000,1,1.818198,3.140702,9.388e-05,35.3209,-0.358765,11531.6
25050,1,2.089126,3.138792,9.385e-05,35.3288,-0.358971,11558.4
25100,1,1.242694,3.136475,9.382e-05,35.3743,-0.359313,11581.0
25150,1,2.348504,3.134093,9.38e-05,35.4071,-0.359567,11603.5
25200,1,1.953391,3.131987,9.377e-05,35.4168,-0.359731,11626.1
25250,1,2.262082,3.130245,9.375e-05,35.3966,-0.359902,11648.7
25300,1,2.497069,3.128412,9.372e-05,35.4005,-0.360079,11671.2
25350,1,1.871476,3.126113,9.369e-05,35.4453,-0.360373,11693.9
25400,1,2.414132,3.123902,9.367e-05,35.4744,-0.360665,11716.5
25450,1,2.389108,3.122058,9.364e-05,35.4608,-0.36082,11739.2
25500,1,2.313621,3.120497,9.361e-05,35.4434,-0.36096,11761.9
25550,1,2.251846,3.118877,9.359e-05,35.4477,-0.361126,11784.6
25600,1,2.020775,3.116942,9.356e-05,35.4669,-0.361364,11807.4
25650,1,2.213369,3.115271,9.353e-05,35.4602,-0.361497,11830.0
25700,1,2.047125,3.113354,9.351e-05,35.4903,-0.361686,11852.6
25750,1,2.490244,3.111495,9.348e-05,35.4947,-0.361848,11875.3
25800,1,2.412221,3.109845,9.345e-05,35.479,-0.36203,11897.9
25850,1,2.307317,3.108163,9.343e-05,35.4908,-0.362253,11920.6
25900,1,1.891281,3.106226,9.34e-05,35.5145,-0.362512,11943.3
25950,1,2.170287,3.104541,9.337e-05,35.5028,-0.362666,11966.0
26000,1,2.065256,3.102546,9.334e-05,35.5544,-0.362993,11988.7
26050,1,2.352734,3.100775,9.332e-05,35.5659,-0.363238,12015.4
26100,1,1.833433,3.098722,9.329e-05,35.625,-0.363591,12038.0
26150,1,2.322412,3.096597,9.326e-05,35.6781,-0.363989,12060.7
26200,1,2.124874,3.094817,9.324e-05,35.6738,-0.36414,12083.4
26250,1,1.702972,3.092731,9.321e-05,35.7018,-0.364347,12105.9
26300,1,1.817468,3.090267,9.318e-05,35.7839,-0.364769,12128.5
26350,1,2.340625,3.088208,9.315e-05,35.8036,-0.365018,12151.1
26400,1,2.256111,3.086464,9.313e-05,35.7956,-0.365124,12173.8
26450,1,2.117721,3.084854,9.31e-05,35.7915,-0.365291,12196.4
26500,1,2.135858,3.083212,9.307e-05,35.7941,-0.365471,12219.1
26550,1,2.063366,3.081435,9.304e-05,35.8194,-0.365682,12241.9
26600,1,2.462222,3.079492,9.302e-05,35.8645,-0.365998,12264.6
26650,1,2.211589,3.077967,9.299e-05,35.8407,-0.366118,12287.3
26700,1,2.343735,3.075992,9.296e-05,35.8913,-0.366399,12310.0
26750,1,2.140762,3.074133,9.293e-05,35.8921,-0.366577,12332.5
26800,1,1.683211,3.072407,9.29e-05,35.8924,-0.366822,12355.3
26850,1,2.111659,3.070614,9.288e-05,35.9123,-0.36712,12377.9
26900,1,2.079748,3.068775,9.285e-05,35.9311,-0.367396,12400.6
26950,1,2.351617,3.066644,9.282e-05,35.9852,-0.367774,12423.4
27000,1,1.537357,3.064494,9.279e-05,36.0281,-0.368087,12446.1
27050,1,1.864232,3.062395,9.276e-05,36.0625,-0.368403,12472.4
27100,1,2.362808,3.060588,9.274e-05,36.0651,-0.368584,12494.9
27150,1,2.177755,3.059107,9.271e-05,36.0391,-0.368694,12517.5
27200,1,2.391676,3.057621,9.268e-05,36.0274,-0.368805,12540.1
27250,1,2.038124,3.056063,9.265e-05,36.0176,-0.368995,12562.8
27300,1,2.388357,3.054548,9.262e-05,36.0215,-0.369199,12585.4
27350,1,2.21391,3.052973,9.259e-05,36.0196,-0.369363,12608.1
27400,1,2.251514,3.051189,9.257e-05,36.0576,-0.369638,12630.8
27450,1,2.225396,3.049268,9.254e-05,36.0942,-0.369885,12653.6
27500,1,2.303305,3.047386,9.251e-05,36.1321,-0.370176,12676.2
27550,1,1.889145,3.045469,9.248e-05,36.1526,-0.370351,12698.8
27600,1,2.150057,3.04335,9.245e-05,36.1967,-0.370665,12721.3
27650,1,2.331371,3.04156,9.242e-05,36.2064,-0.370771,12743.9
27700,1,2.473253,3.039871,9.239e-05,36.2065,-0.370969,12766.6
27750,1,2.377306,3.038169,9.237e-05,36.2191,-0.371152,12789.3
27800,1,2.107547,3.036315,9.234e-05,36.2494,-0.371431,12812.0
27850,1,1.838709,3.034407,9.231e-05,36.2748,-0.371645,12834.7
27900,1,2.126885,3.032739,9.228e-05,36.2809,-0.37183,12857.5
27950,1,2.154504,3.031233,9.225e-05,36.2745,-0.372083,12880.2
28000,1,1.742963,3.029731,9.222e-05,36.2665,-0.372273,12902.7
28050,1,1.977857,3.02821,9.219e-05,36.266,-0.372419,12929.6
28100,1,2.288612,3.026533,9.216e-05,36.2981,-0.372664,12952.2
28150,1,1.770554,3.024694,9.213e-05,36.3242,-0.372919,12975.0
28200,1,1.837444,3.022688,9.21e-05,36.3637,-0.373208,12997.5
28250,1,1.868928,3.021053,9.207e-05,36.3671,-0.373408,13020.1
28300,1,2.103356,3.018952,9.204e-05,36.4262,-0.373675,13042.8
28350,1,2.215072,3.017177,9.202e-05,36.4282,-0.37386,13065.6
28400,1,2.163692,3.015479,9.199e-05,36.4335,-0.374019,13088.1
28450,1,2.11966,3.013567,9.196e-05,36.4617,-0.374218,13110.7
28500,1,1.410283,3.011976,9.193e-05,36.4492,-0.374336,13133.4
28550,1,2.135986,3.009941,9.19e-05,36.4899,-0.374588,13156.0
28600,1,2.069427,3.008202,9.187e-05,36.4898,-0.374739,13178.5
28650,1,1.327975,3.006347,9.184e-05,36.5098,-0.374937,13201.2
28700,1,1.784367,3.004575,9.181e-05,36.5206,-0.375109,13223.8
28750,1,1.991796,3.002861,9.178e-05,36.5327,-0.375258,13246.4
28800,1,2.185328,3.001057,9.175e-05,36.571,-0.375592,13269.1
28850,1,1.823129,2.999358,9.172e-05,36.5845,-0.375781,13291.8
28900,1,2.309043,2.997687,9.169e-05,36.6017,-0.375987,13314.4
28950,1,1.760157,2.995888,9.166e-05,36.6261,-0.376226,13337.0
29000,1,1.269289,2.993832,9.163e-05,36.6798,-0.376495,13359.6
29050,1,1.701019,2.991677,9.16e-05,36.7297,-0.376839,13386.2
29100,1,2.375569,2.989725,9.157e-05,36.7547,-0.377075,13408.9
29150,1,1.964174,2.988106,9.154e-05,36.7456,-0.377188,13431.5
29200,1,2.301623,2.986668,9.151e-05,36.7335,-0.377281,13454.1
29250,1,1.550503,2.985046,9.148e-05,36.7467,-0.377504,13476.9
29300,1,1.932191,2.983267,9.145e-05,36.7748,-0.377724,13499.5
29350,1,1.550735,2.981417,9.142e-05,36.8109,-0.37793,13522.2
29400,1,2.169125,2.979734,9.139e-05,36.8183,-0.378137,13544.8
29450,1,2.041057,2.978064,9.135e-05,36.8208,-0.378312,13567.6
29500,1,1.858118,2.97603,9.132e-05,36.8841,-0.378582,13590.2
29550,1,2.136646,2.974384,9.129e-05,36.8818,-0.378768,13612.7
29600,1,2.320902,2.973083,9.126e-05,36.8489,-0.378912,13635.3
29650,1,2.412885,2.971533,9.123e-05,36.8767,-0.379184,13657.8
29700,1,2.259625,2.969802,9.12e-05,36.9056,-0.379409,13680.4
29750,1,1.945533,2.968177,9.117e-05,36.9107,-0.379567,13703.1
29800,1,2.132091,2.966549,9.114e-05,36.9114,-0.379705,13725.8
29850,1,2.387168,2.96495,9.111e-05,36.9254,-0.379892,13748.4
29900,1,1.356723,2.963081,9.108e-05,36.968,-0.380173,13771.8
29950,1,2.38378,2.96143,9.105e-05,36.9767,-0.380349,13796.7
30000,1,2.167206,2.959796,9.102e-05,36.9938,-0.380535,13820.9
30050,1,2.410081,2.958069,9.098e-05,37.0238,-0.380765,13848.1
30100,1,1.81876,2.95622,9.095e-05,37.0474,-0.380973,13872.5
30150,1,2.373177,2.954701,9.092e-05,37.033,-0.381122,13896.6
30200,1,2.215893,2.952928,9.089e-05,37.0549,-0.381352,13920.7
30250,1,2.319852,2.951424,9.086e-05,37.0468,-0.38146,13943.9
30300,1,1.566381,2.949764,9.083e-05,37.0716,-0.381637,13966.6
30350,1,2.072863,2.948002,9.08e-05,37.0902,-0.381869,13989.2
30400,1,1.846258,2.946566,9.077e-05,37.0778,-0.382057,14012.1
30450,1,2.102845,2.945189,9.073e-05,37.0803,-0.382276,14034.7
30500,1,1.575081,2.943347,9.07e-05,37.1483,-0.382553,14057.4
30550,1,2.063271,2.941896,9.067e-05,37.1307,-0.38271,14080.0
30600,1,2.328938,2.940683,9.064e-05,37.0959,-0.382837,14102.7
30650,1,2.301838,2.939393,9.061e-05,37.0927,-0.383011,14125.3
30700,1,2.147836,2.938098,9.058e-05,37.0728,-0.383157,14147.8
30750,1,2.152147,2.936864,9.054e-05,37.0628,-0.383379,14170.7
30800,1,1.837903,2.935443,9.051e-05,37.0911,-0.383589,14193.3
30850,1,2.196282,2.934153,9.048e-05,37.0787,-0.383721,14216.0
30900,1,1.924157,2.93244,9.045e-05,37.1341,-0.384007,14238.8
30950,1,1.387775,2.930489,9.042e-05,37.2111,-0.384408,14261.4
31000,1,1.957171,2.92874,9.038e-05,37.2483,-0.384713,14284.2
31050,1,2.228184,2.927436,9.035e-05,37.2317,-0.384861,14310.6
31100,1,1.879086,2.926089,9.032e-05,37.236,-0.385083,14333.3
31150,1,2.321199,2.924287,9.029e-05,37.302,-0.385344,14356.0
31200,1,1.987128,2.922716,9.026e-05,37.308,-0.385531,14378.6
31250,1,2.025543,2.921013,9.022e-05,37.3523,-0.385787,14401.3
31300,1,2.272916,2.919345,9.019e-05,37.3734,-0.386017,14424.1
31350,1,1.498776,2.917731,9.016e-05,37.3961,-0.386264,14446.8
31400,1,1.832816,2.915955,9.013e-05,37.4331,-0.386464,14469.5
31450,1,1.795781,2.913943,9.009e-05,37.5041,-0.386816,14492.2
31500,1,1.752838,2.912185,9.006e-05,37.5377,-0.387002,14514.8
31550,1,2.220743,2.910987,9.003e-05,37.4793,-0.387088,14537.6
31600,1,1.767967,2.90972,9e-05,37.4648,-0.387227,14560.4
31650,1,1.500225,2.908116,8.996e-05,37.5026,-0.387443,14583.0
31700,1,2.171004,2.906365,8.993e-05,37.5519,-0.387709,14605.6
31750,1,1.917301,2.904985,8.99e-05,37.5324,-0.387864,14628.2
31800,1,2.635411,2.903686,8.987e-05,37.5235,-0.388016,14650.9
31850,1,2.689854,2.902536,8.983e-05,37.4858,-0.388083,14673.6
31900,1,2.198922,2.901416,8.98e-05,37.4584,-0.388222,14696.3
31950,1,2.239498,2.900278,8.977e-05,37.4518,-0.388392,14719.0
32000,1,1.405859,2.89889,8.973e-05,37.473,-0.388549,14741.7
32050,1,2.003367,2.897283,8.97e-05,37.5022,-0.388722,14768.3
32100,1,2.280811,2.896101,8.967e-05,37.4727,-0.388826,14791.0
32150,1,2.181924,2.894756,8.963e-05,37.4832,-0.388997,14813.8
32200,1,1.404346,2.893196,8.96e-05,37.5077,-0.38914,14836.5
32250,1,2.248584,2.891891,8.957e-05,37.5024,-0.389298,14859.1
32300,1,1.986659,2.89062,8.953e-05,37.5111,-0.389448,14881.6
32350,1,1.999089,2.889225,8.95e-05,37.5359,-0.389672,14904.3
32400,1,1.678856,2.88791,8.947e-05,37.5418,-0.389813,14927.0
32450,1,2.323665,2.886468,8.943e-05,37.5665,-0.390012,14949.8
32500,1,2.161475,2.885234,8.94e-05,37.5526,-0.39019,14972.3
32550,1,1.868841,2.883849,8.937e-05,37.5817,-0.390349,14995.1
32600,1,1.996589,2.882441,8.933e-05,37.6118,-0.390602,15018.7
32650,1,1.956205,2.880979,8.93e-05,37.6446,-0.390822,15042.1
32700,1,1.540263,2.879357,8.927e-05,37.702,-0.391107,15064.7
32750,1,2.016463,2.877713,8.923e-05,37.7413,-0.39138,15087.2
32800,1,1.347134,2.875997,8.92e-05,37.7761,-0.391643,15110.2
32850,1,1.809229,2.874151,8.917e-05,37.8299,-0.391895,15133.8
32900,1,2.208004,2.872583,8.913e-05,37.8278,-0.392004,15156.4
32950,1,1.911165,2.871007,8.91e-05,37.8465,-0.392246,15179.1
33000,1,1.695609,2.869268,8.906e-05,37.8804,-0.392456,15201.7
33050,1,1.835479,2.868081,8.903e-05,37.8513,-0.392535,15228.6
33100,1,2.189938,2.866894,8.9e-05,37.831,-0.392623,15251.3
33150,1,1.933209,2.86553,8.896e-05,37.8458,-0.392766,15273.9
33200,1,1.923245,2.864032,8.893e-05,37.8815,-0.392927,15296.6
33250,1,1.611807,2.862512,8.889e-05,37.9064,-0.393163,15319.3
33300,1,1.793297,2.861019,8.886e-05,37.9475,-0.393404,15341.8
33350,1,1.944007,2.859583,8.883e-05,37.9637,-0.393553,15364.4
33400,1,1.703804,2.858276,8.879e-05,37.9628,-0.393774,15387.2
33450,1,1.871679,2.85655,8.876e-05,38.0427,-0.394108,15409.9
33500,1,1.719342,2.855062,8.872e-05,38.0594,-0.394382,15432.6
33550,1,1.884718,2.853547,8.869e-05,38.0956,-0.394636,15455.4
33600,1,1.947664,2.85189,8.865e-05,38.1521,-0.394938,15478.1
33650,1,2.29084,2.850264,8.862e-05,38.17,-0.395065,15500.8
33700,1,2.115023,2.848872,8.858e-05,38.1612,-0.395174,15523.5
33750,1,2.120668,2.847721,8.855e-05,38.1267,-0.395273,15546.5
33800,1,1.752712,2.846432,8.852e-05,38.1293,-0.395411,15569.1
33850,1,2.330232,2.845258,8.848e-05,38.0976,-0.395549,15591.8
33900,1,2.195946,2.843922,8.845e-05,38.1332,-0.395795,15614.4
33950,1,1.832219,2.842232,8.841e-05,38.2016,-0.396066,15637.0
34000,1,2.161776,2.840641,8.838e-05,38.2512,-0.396319,15659.6
34050,1,1.912695,2.839348,8.834e-05,38.2355,-0.39648,15686.2
34100,1,1.834573,2.83798,8.831e-05,38.2443,-0.39659,15708.9
34150,1,2.032517,2.836557,8.827e-05,38.262,-0.396767,15731.6
34200,1,1.989524,2.835201,8.824e-05,38.2679,-0.396932,15754.3
34250,1,1.981441,2.833978,8.82e-05,38.2491,-0.397052,15777.0
34300,1,2.112536,2.832624,8.817e-05,38.2743,-0.397298,15799.6
34350,1,1.707929,2.830933,8.813e-05,38.3435,-0.397551,15822.3
34400,1,1.701055,2.829373,8.81e-05,38.371,-0.397805,15845.1
34450,1,2.099161,2.828187,8.806e-05,38.3389,-0.397925,15867.8
34500,1,2.187808,2.827101,8.803e-05,38.2947,-0.397972,15890.4
34550,1,1.929343,2.825695,8.799e-05,38.3464,-0.398251,15913.0
34600,1,2.100644,2.824124,8.796e-05,38.384,-0.398494,15935.8
34650,1,1.439703,2.822987,8.792e-05,38.3566,-0.398658,15958.6
34700,1,2.299608,2.821716,8.788e-05,38.3663,-0.398755,15981.1
34750,1,1.961058,2.82058,8.785e-05,38.3437,-0.398854,16003.7
34800,1,1.704851,2.819257,8.781e-05,38.3761,-0.39909,16026.4
34850,1,1.780581,2.817914,8.778e-05,38.4049,-0.399304,16049.1
34900,1,2.269064,2.816762,8.774e-05,38.3822,-0.399404,16071.8
34950,1,1.729306,2.815588,8.771e-05,38.3927,-0.399495,16094.5
35000,1,1.615857,2.813944,8.767e-05,38.4735,-0.39976,16117.2
35050,1,1.31252,2.812345,8.763e-05,38.5203,-0.400016,16144.2
35100,1,2.431129,2.811361,8.76e-05,38.4773,-0.400065,16167.0
35150,1,2.201411,2.810295,8.756e-05,38.4689,-0.400171,16189.8
35200,1,1.5276,2.809051,8.753e-05,38.4771,-0.400304,16212.5
35250,1,1.742294,2.807809,8.749e-05,38.4778,-0.400431,16235.3
35300,1,2.179352,2.806601,8.746e-05,38.4712,-0.400531,16258.0
35350,1,1.853949,2.805199,8.742e-05,38.5014,-0.400726,16280.7
35400,1,1.749872,2.804064,8.738e-05,38.4864,-0.400885,16303.4
35450,1,2.286032,2.802819,8.735e-05,38.4924,-0.401026,16326.0
35500,1,2.235253,2.80158,8.731e-05,38.488,-0.40114,16348.6
35550,1,1.714892,2.800303,8.727e-05,38.5083,-0.401266,16371.3
35600,1,1.825561,2.798887,8.724e-05,38.5554,-0.401532,16394.0
35650,1,1.738216,2.797488,8.72e-05,38.6051,-0.401872,16416.6
35700,1,1.798882,2.796115,8.717e-05,38.6436,-0.402024,16439.3
35750,1,2.310959,2.794885,8.713e-05,38.6278,-0.402161,16462.0
35800,1,1.570233,2.79352,8.709e-05,38.6537,-0.402386,16484.7
35850,1,2.209886,2.792176,8.706e-05,38.6655,-0.402548,16507.3
35900,1,1.512784,2.790854,8.702e-05,38.6801,-0.402726,16530.0
35950,1,1.866744,2.789241,8.698e-05,38.7625,-0.402994,16552.7
36000,1,1.842555,2.787784,8.695e-05,38.7866,-0.403224,16575.4
36050,1,1.859951,2.786112,8.691e-05,38.8604,-0.40353,16605.0
36100,1,1.730594,2.784793,8.687e-05,38.8502,-0.403638,16627.8
36150,1,1.653839,2.783528,8.684e-05,38.8466,-0.40379,16650.5
36200,1,2.090948,2.78233,8.68e-05,38.8383,-0.403921,16673.1
36250,1,2.314904,2.781304,8.676e-05,38.8088,-0.403977,16695.7
36300,1,2.065756,2.780476,8.673e-05,38.7778,-0.404084,16718.2
36350,1,1.428678,2.779102,8.669e-05,38.8311,-0.404314,16741.0
36400,1,2.26985,2.777726,8.665e-05,38.8551,-0.404481,16763.4
36450,1,2.183379,2.776292,8.662e-05,38.8894,-0.404685,16785.9
36500,1,1.592833,2.774814,8.658e-05,38.9282,-0.404883,16808.6
36550,1,1.922055,2.773379,8.654e-05,38.9683,-0.40508,16831.0
36600,1,1.776561,2.77187,8.65e-05,39.0102,-0.405294,16853.7
36650,1,1.866133,2.770512,8.647e-05,39.025,-0.405452,16876.5
36700,1,2.041836,2.769285,8.643e-05,39.0153,-0.405627,16899.3
36750,1,1.538975,2.767852,8.639e-05,39.0538,-0.405895,16922.1
36800,1,1.873618,2.76661,8.636e-05,39.0408,-0.406014,16944.7
36850,1,2.135479,2.765545,8.632e-05,39.016,-0.406082,16967.3
36900,1,2.314517,2.764239,8.628e-05,39.0374,-0.406235,16990.0
36950,1,1.491068,2.762999,8.624e-05,39.0331,-0.406395,17012.6
37000,1,2.037459,2.761927,8.621e-05,39.011,-0.406511,17035.4
37050,1,2.137292,2.761024,8.617e-05,38.9733,-0.406528,17062.0
37100,1,1.81623,2.759938,8.613e-05,38.9842,-0.406697,17084.7
37150,1,1.906482,2.758577,8.609e-05,39.0217,-0.406923,17107.5
37200,1,1.752396,2.757201,8.606e-05,39.0467,-0.407069,17130.2
37250,1,1.854191,2.755987,8.602e-05,39.0412,-0.40726,17152.8
37300,1,2.144508,2.754678,8.598e-05,39.0656,-0.40744,17175.3
37350,1,2.040488,2.753516,8.594e-05,39.0613,-0.407567,17197.8
37400,1,1.878495,2.752455,8.59e-05,39.0427,-0.407671,17220.5
37450,1,1.939086,2.751338,8.587e-05,39.0415,-0.407832,17243.1
37500,1,1.478661,2.749959,8.583e-05,39.0973,-0.408051,17265.8
37550,1,1.983385,2.748424,8.579e-05,39.1727,-0.408277,17288.5
37600,1,2.151242,2.747398,8.575e-05,39.132,-0.408385,17311.1
37650,1,1.935826,2.746537,8.571e-05,39.1052,-0.408452,17334.0
37700,1,1.791651,2.745289,8.568e-05,39.1599,-0.40867,17356.7
37750,1,1.92019,2.743991,8.564e-05,39.2001,-0.408886,17379.2
37800,1,2.055799,2.742831,8.56e-05,39.2008,-0.409033,17401.9
37850,1,2.096472,2.741704,8.556e-05,39.2022,-0.409163,17424.5
37900,1,1.395804,2.740463,8.552e-05,39.2313,-0.409388,17447.3
37950,1,1.829951,2.738837,8.549e-05,39.3342,-0.409734,17470.0
38000,1,2.004816,2.737752,8.545e-05,39.2889,-0.409801,17492.6
38050,1,2.105647,2.736576,8.541e-05,39.3028,-0.409954,17519.0
38100,1,2.135796,2.735519,8.537e-05,39.2793,-0.410162,17541.6
38150,1,2.078795,2.734605,8.533e-05,39.2588,-0.410161,17564.3
38200,1,1.819158,2.733507,8.529e-05,39.2697,-0.410333,17587.0
38250,1,1.838039,2.732352,8.526e-05,39.2843,-0.410552,17609.7
38300,1,1.955199,2.731154,8.522e-05,39.3044,-0.410729,17632.5
38350,1,1.8235,2.72977,8.518e-05,39.3688,-0.411011,17655.0
38400,1,1.665825,2.728262,8.514e-05,39.4282,-0.411345,17677.7
38450,1,2.038453,2.726954,8.51e-05,39.4424,-0.411477,17700.6
38500,1,2.104785,2.725798,8.506e-05,39.4406,-0.411586,17724.5
38550,1,1.7872,2.724359,8.502e-05,39.4847,-0.411781,17748.5
38600,1,1.733029,2.72314,8.498e-05,39.4876,-0.411898,17773.2
38650,1,1.877049,2.722186,8.495e-05,39.4472,-0.411988,17797.3
38700,1,2.082619,2.721331,8.491e-05,39.3974,-0.412033,17821.5
38750,1,2.373881,2.720485,8.487e-05,39.3684,-0.412164,17845.9
38800,1,1.280522,2.719494,8.483e-05,39.3623,-0.412288,17868.8
38850,1,1.915076,2.718313,8.479e-05,39.3864,-0.412445,17892.0
38900,1,1.524698,2.717141,8.475e-05,39.3978,-0.412586,17914.7
38950,1,1.647816,2.715904,8.471e-05,39.4224,-0.41278,17937.4
39000,1,1.753242,2.714645,8.467e-05,39.4461,-0.412967,17960.1
39050,1,1.384091,2.713431,8.463e-05,39.4653,-0.413173,17986.5
39100,1,1.822996,2.712334,8.459e-05,39.4582,-0.413266,18009.1
39150,1,1.607216,2.711133,8.455e-05,39.4779,-0.413421,18031.7
39200,1,1.753319,2.70985,8.452e-05,39.5246,-0.41374,18054.3
39250,1,1.687157,2.708744,8.448e-05,39.5181,-0.413871,18076.9
39300,1,1.860187,2.707435,8.444e-05,39.5539,-0.41403,18099.7
39350,1,1.735906,2.706335,8.44e-05,39.5412,-0.414143,18122.4
39400,1,1.805584,2.705237,8.436e-05,39.5461,-0.414235,18145.0
39450,1,1.693705,2.704056,8.432e-05,39.5683,-0.414426,18167.6
39500,1,1.933135,2.702993,8.428e-05,39.5634,-0.41456,18190.3
39550,1,2.234453,2.702014,8.424e-05,39.5571,-0.414719,18213.0
39600,1,1.394401,2.70094,8.42e-05,39.5589,-0.414804,18235.6
39650,1,2.221889,2.699919,8.416e-05,39.5555,-0.414857,18258.3
39700,1,1.356535,2.698794,8.412e-05,39.5693,-0.415055,18280.9
39750,1,1.524965,2.697587,8.408e-05,39.5933,-0.41523,18303.4
39800,1,1.640243,2.696401,8.404e-05,39.6038,-0.415377,18326.1
39850,1,1.602168,2.695336,8.4e-05,39.5999,-0.415459,18348.9
39900,1,1.957774,2.694393,8.396e-05,39.5807,-0.415584,18371.6
39950,1,1.755425,2.693355,8.392e-05,39.6019,-0.415789,18394.2
40000,1,1.155349,2.691999,8.388e-05,39.6653,-0.416078,18416.9
40050,1,1.053223,2.690449,8.384e-05,39.751,-0.416415,18443.4
40100,1,1.465832,2.688832,8.38e-05,39.8376,-0.416765,18466.1
40150,1,1.474545,2.687288,8.376e-05,39.9207,-0.417144,18488.8
40200,1,1.569761,2.685591,8.372e-05,40.0372,-0.417502,18511.5
40250,1,2.000865,2.684577,8.368e-05,39.9775,-0.417602,18534.3
40300,1,1.930761,2.68345,8.364e-05,39.9808,-0.417719,18557.1
40350,1,1.328699,2.682097,8.36e-05,40.0513,-0.418075,18579.7
40400,1,1.341601,2.680691,8.356e-05,40.1247,-0.418273,18602.4
40450,1,1.682426,2.67947,8.352e-05,40.1281,-0.418464,18624.9
40500,1,1.653012,2.678367,8.348e-05,40.1104,-0.418553,18647.5
40550,1,1.924589,2.677164,8.344e-05,40.128,-0.418708,18670.2
40600,1,1.97745,2.676213,8.34e-05,40.0797,-0.418757,18692.7
40650,1,1.83656,2.675124,8.336e-05,40.0939,-0.418943,18715.3
40700,1,2.003794,2.673915,8.332e-05,40.1358,-0.419209,18738.1
40750,1,1.83806,2.672712,8.328e-05,40.1482,-0.419322,18760.6
40800,1,1.645084,2.671627,8.324e-05,40.1432,-0.419453,18783.4
40850,1,1.659849,2.670127,8.32e-05,40.2357,-0.419731,18806.0
40900,1,1.697153,2.668815,8.315e-05,40.2547,-0.419977,18828.6
40950,1,1.689992,2.667511,8.311e-05,40.2904,-0.420197,18851.3
41000,1,1.68173,2.666377,8.307e-05,40.272,-0.420297,18873.9
41050,1,2.008568,2.665326,8.303e-05,40.2662,-0.420354,18901.9
41100,1,1.792785,2.664285,8.299e-05,40.2482,-0.420542,18924.5
41150,1,2.074017,2.663457,8.295e-05,40.2004,-0.420555,18947.2
41200,1,1.9825,2.662385,8.291e-05,40.2216,-0.420696,18969.8
41250,1,1.13627,2.661106,8.287e-05,40.2633,-0.420876,18992.3
41300,1,2.061046,2.660033,8.283e-05,40.2537,-0.421002,19014.9
41350,1,1.154783,2.658883,8.279e-05,40.2721,-0.421136,19037.6
41400,1,1.83832,2.657593,8.275e-05,40.3084,-0.421395,19060.1
41450,1,2.042125,2.656472,8.27e-05,40.3083,-0.421474,19082.8
41500,1,1.605941,2.655404,8.266e-05,40.3022,-0.421581,19105.4
41550,1,1.646226,2.65401,8.262e-05,40.3661,-0.421833,19128.0
41600,1,1.454636,2.652756,8.258e-05,40.387,-0.422004,19150.6
41650,1,1.788797,2.6517,8.254e-05,40.3585,-0.422108,19173.3
41700,1,1.909636,2.650782,8.25e-05,40.3271,-0.422126,19196.1
41750,1,1.969531,2.649861,8.246e-05,40.3085,-0.422273,19218.9
41800,1,1.858474,2.648814,8.242e-05,40.3137,-0.422438,19241.5
41850,1,2.066625,2.647666,8.237e-05,40.3362,-0.422538,19264.1
41900,1,2.170648,2.646462,8.233e-05,40.3588,-0.422669,19286.7
41950,1,1.500362,2.645338,8.229e-05,40.3634,-0.422813,19309.4
42000,1,2.105343,2.644319,8.225e-05,40.3695,-0.422999,19331.9
42050,1,1.642889,2.643389,8.221e-05,40.3479,-0.423081,19358.7
42100,1,1.831615,2.642403,8.217e-05,40.3517,-0.423136,19381.4
42150,1,1.678689,2.64147,8.213e-05,40.331,-0.423255,19404.1
42200,1,1.106753,2.640346,8.208e-05,40.3725,-0.423477,19426.6
42250,1,1.377842,2.639051,8.204e-05,40.4196,-0.423622,19449.2
42300,1,2.354227,2.638,8.2e-05,40.4112,-0.42372,19471.9
42350,1,1.642526,2.637064,8.196e-05,40.3997,-0.423856,19494.4
42400,1,1.605174,2.63601,8.192e-05,40.4046,-0.424026,19517.1
42450,1,1.839034,2.634842,8.187e-05,40.4404,-0.424193,19539.9
42500,1,1.588259,2.633702,8.183e-05,40.4538,-0.424342,19562.6
42550,1,1.497959,2.632602,8.179e-05,40.4605,-0.424459,19585.3
42600,1,1.716271,2.631428,8.175e-05,40.4966,-0.424619,19608.2
42650,1,2.203976,2.630347,8.171e-05,40.4983,-0.424758,19630.9
42700,1,1.540267,2.629377,8.166e-05,40.494,-0.424866,19653.7
42750,1,1.663348,2.628289,8.162e-05,40.5134,-0.42507,19676.4
42800,1,1.50487,2.627017,8.158e-05,40.5748,-0.425271,19699.2
42850,1,2.211796,2.625953,8.154e-05,40.5711,-0.425441,19721.8
42900,1,1.48148,2.624719,8.15e-05,40.6089,-0.425655,19744.3
42950,1,2.160947,2.62359,8.145e-05,40.622,-0.42578,19767.0
43000,1,1.363513,2.622515,8.141e-05,40.6378,-0.425917,19789.7
43050,1,1.676541,2.621305,8.137e-05,40.6794,-0.426172,19816.9
43100,1,1.911429,2.620223,8.133e-05,40.6779,-0.426334,19839.5
43150,1,1.609949,2.619076,8.128e-05,40.7113,-0.42651,19862.2
43200,1,2.031344,2.61794,8.124e-05,40.7258,-0.426649,19885.0
43250,1,1.066547,2.616671,8.12e-05,40.7595,-0.426796,19907.6
43300,1,1.800084,2.615536,8.116e-05,40.761,-0.426864,19930.3
43350,1,1.395751,2.614515,8.111e-05,40.7546,-0.427031,19953.0
43400,1,1.777705,2.613393,8.107e-05,40.7894,-0.427247,19975.7
43450,1,1.907076,2.612344,8.103e-05,40.8023,-0.427385,19998.3
43500,1,2.006358,2.611411,8.099e-05,40.7727,-0.427444,20021.1
43550,1,2.006856,2.610477,8.094e-05,40.7711,-0.427535,20043.6
43600,1,1.867437,2.609485,8.09e-05,40.7829,-0.427694,20066.3
43650,1,1.369139,2.6084,8.086e-05,40.8075,-0.427921,20089.0
43700,1,1.216752,2.607318,8.082e-05,40.8235,-0.4281,20111.6
43750,1,1.435233,2.606164,8.077e-05,40.8476,-0.428226,20134.3
43800,1,1.479292,2.604942,8.073e-05,40.8812,-0.428415,20156.9
43850,1,1.614173,2.603894,8.069e-05,40.8749,-0.428489,20179.5
43900,1,2.070471,2.602914,8.064e-05,40.8707,-0.428608,20202.3
43950,1,1.297747,2.601878,8.06e-05,40.8757,-0.428712,20225.1
44000,1,1.461336,2.600783,8.056e-05,40.9067,-0.428937,20247.6
44050,1,1.769702,2.599527,8.052e-05,40.9562,-0.429141,20274.3
44100,1,1.627626,2.598382,8.047e-05,40.983,-0.429277,20297.1
44150,1,1.254278,2.597134,8.043e-05,41.0364,-0.429547,20319.7
44200,1,2.158169,2.596085,8.039e-05,41.028,-0.429661,20342.3
44250,1,1.26437,2.595032,8.034e-05,41.0306,-0.429734,20364.8
44300,1,1.487271,2.594009,8.03e-05,41.0275,-0.429828,20387.7
44350,1,1.597134,2.592987,8.026e-05,41.0443,-0.429997,20410.3
44400,1,1.568735,2.591883,8.021e-05,41.0616,-0.430138,20433.0
44450,1,1.577019,2.590718,8.017e-05,41.0984,-0.430314,20455.6
44500,1,1.395583,2.589306,8.013e-05,41.1843,-0.430574,20478.4
44550,1,1.781748,2.588173,8.008e-05,41.193,-0.430697,20501.0
44600,1,1.707886,2.587045,8.004e-05,41.2204,-0.430906,20523.8
44650,1,1.067647,2.585768,8e-05,41.2621,-0.431045,20546.6
44700,1,1.920906,2.584537,7.995e-05,41.3061,-0.431208,20569.3
44750,1,1.582039,2.583674,7.991e-05,41.2399,-0.431305,20591.9
44800,1,1.189376,2.582341,7.987e-05,41.3185,-0.431573,20614.4
44850,1,1.869992,2.581153,7.982e-05,41.334,-0.431696,20637.1
44900,1,1.410894,2.579903,7.978e-05,41.3771,-0.431944,20659.7
44950,1,1.675237,2.578557,7.973e-05,41.4374,-0.432185,20682.4
45000,1,1.552314,2.577242,7.969e-05,41.4753,-0.432298,20704.9
45050,1,1.768808,2.576028,7.965e-05,41.4988,-0.432434,20731.3
45100,1,1.722042,2.57509,7.96e-05,41.455,-0.432486,20754.0
45150,1,2.047661,2.574289,7.956e-05,41.4035,-0.432553,20776.6
45200,1,1.546092,2.573524,7.952e-05,41.3594,-0.432587,20799.2
45250,1,1.523904,2.572666,7.947e-05,41.3604,-0.432695,20821.9
45300,1,1.07415,2.571648,7.943e-05,41.3694,-0.43289,20844.6
45350,1,2.019756,2.570573,7.938e-05,41.3853,-0.432978,20867.2
45400,1,1.585515,2.569712,7.934e-05,41.3573,-0.432992,20889.9
45450,1,1.674519,2.568786,7.93e-05,41.3589,-0.433086,20912.7
45500,1,1.82253,2.56763,7.925e-05,41.4112,-0.433289,20935.5
45550,1,1.224036,2.566395,7.921e-05,41.4579,-0.43351,20958.1
45600,1,1.435178,2.56527,7.916e-05,41.4653,-0.433579,20980.9
45650,1,1.606664,2.564331,7.912e-05,41.4553,-0.433729,21003.5
45700,1,1.760532,2.563269,7.907e-05,41.4835,-0.43386,21026.1
45750,1,2.024696,2.56242,7.903e-05,41.4524,-0.43392,21048.8
45800,1,1.639315,2.561425,7.899e-05,41.4633,-0.433991,21071.7
45850,1,1.446532,2.560349,7.894e-05,41.4859,-0.434181,21094.3
45900,1,1.340291,2.559192,7.89e-05,41.5211,-0.434318,21116.9
45950,1,1.770207,2.558092,7.885e-05,41.54,-0.434526,21139.6
46000,1,1.912782,2.557148,7.881e-05,41.5265,-0.434662,21162.3
46050,1,1.378532,2.556254,7.876e-05,41.5104,-0.43467,21188.9
46100,1,1.943614,2.555412,7.872e-05,41.4927,-0.434747,21211.6
46150,1,1.429949,2.554406,7.868e-05,41.5123,-0.434867,21234.3
46200,1,1.216122,2.553262,7.863e-05,41.5395,-0.43502,21257.0
46250,1,1.486856,2.552112,7.859e-05,41.5725,-0.435181,21279.7
46300,1,1.563161,2.551014,7.854e-05,41.6012,-0.435401,21302.3
46350,1,1.456151,2.550003,7.85e-05,41.6063,-0.435521,21325.0
46400,1,1.981595,2.548865,7.845e-05,41.6386,-0.435735,21347.6
46450,1,1.606611,2.54783,7.841e-05,41.6397,-0.435856,21370.3
46500,1,1.621708,2.546789,7.836e-05,41.6448,-0.435969,21392.9
46550,1,2.122669,2.545957,7.832e-05,41.604,-0.436029,21415.5
46600,1,1.690128,2.54532,7.827e-05,41.5623,-0.436088,21438.2
46650,1,1.927708,2.544344,7.823e-05,41.5872,-0.436197,21460.8
46700,1,1.50148,2.543409,7.818e-05,41.5849,-0.43628,21483.4
46750,1,1.86827,2.542323,7.814e-05,41.6355,-0.436445,21506.0
46800,1,1.297672,2.541174,7.809e-05,41.678,-0.43668,21528.6
46850,1,2.361682,2.540211,7.805e-05,41.6737,-0.436816,21551.4
46900,1,1.99279,2.539414,7.8e-05,41.6362,-0.436857,21574.0
46950,1,1.813501,2.538663,7.796e-05,41.613,-0.436944,21596.6
47000,1,1.58039,2.537911,7.791e-05,41.585,-0.436944,21619.3
47050,1,1.826118,2.536999,7.787e-05,41.6186,-0.43713,21648.6
47100,1,1.693064,2.536167,7.782e-05,41.5962,-0.437245,21672.8
47150,1,1.48856,2.535246,7.778e-05,41.6147,-0.437368,21697.1
47200,1,0.825777,2.534173,7.773e-05,41.6406,-0.437534,21721.3
47250,1,2.005949,2.532988,7.769e-05,41.6698,-0.437678,21745.4
47300,1,1.603954,2.531685,7.764e-05,41.7139,-0.437781,21769.3
47350,1,1.676583,2.530813,7.76e-05,41.6895,-0.437853,21793.8
47400,1,1.765769,2.529971,7.755e-05,41.6737,-0.437851,21817.1
47450,1,1.337064,2.529033,7.751e-05,41.685,-0.438029,21840.2
47500,1,1.791215,2.528038,7.746e-05,41.7119,-0.438128,21863.1
47550,1,1.768946,2.527065,7.742e-05,41.731,-0.43824,21885.6
47600,1,1.092849,2.52615,7.737e-05,41.7407,-0.438446,21908.3
47650,1,1.526931,2.524977,7.732e-05,41.807,-0.438632,21930.9
47700,1,1.371481,2.523928,7.728e-05,41.8225,-0.438781,21953.5
47750,1,1.911598,2.522974,7.723e-05,41.8268,-0.438867,21976.1
47800,1,2.361183,2.522123,7.719e-05,41.817,-0.438997,21998.6
47850,1,1.710501,2.521193,7.714e-05,41.8202,-0.439081,22021.4
47900,1,1.22453,2.520215,7.71e-05,41.8306,-0.439169,22043.9
47950,1,1.569095,2.519291,7.705e-05,41.8352,-0.439281,22066.5
48000,1,1.208951,2.518132,7.7e-05,41.893,-0.439527,22089.1
48050,1,1.380747,2.517004,7.696e-05,41.9325,-0.43974,22115.5
48100,1,1.598879,2.515925,7.691e-05,41.9569,-0.439841,22138.2
48150,1,1.380804,2.514845,7.687e-05,41.999,-0.440089,22160.9
48200,1,1.02928,2.513611,7.682e-05,42.1038,-0.440405,22183.6
48250,1,1.638592,2.512332,7.678e-05,42.1888,-0.440606,22206.3
48300,1,1.420789,2.511418,7.673e-05,42.1463,-0.440672,22229.0
48350,1,1.406886,2.510393,7.668e-05,42.1657,-0.44086,22251.6
48400,1,1.608345,2.509605,7.664e-05,42.1133,-0.440884,22274.2
48450,1,1.567747,2.508883,7.659e-05,42.0862,-0.440923,22296.8
48500,1,1.242478,2.508027,7.655e-05,42.0927,-0.441034,22319.5
48550,1,1.457037,2.506975,7.65e-05,42.1397,-0.441202,22342.1
48600,1,1.307012,2.505924,7.645e-05,42.1795,-0.44137,22364.8
48650,1,1.562693,2.504774,7.641e-05,42.2397,-0.44154,22387.5
48700,1,1.527454,2.503871,7.636e-05,42.2232,-0.441731,22410.1
48750,1,0.964972,2.502802,7.632e-05,42.2537,-0.441787,22433.0
48800,1,2.103352,2.501659,7.627e-05,42.2903,-0.441957,22455.7
48850,1,1.804153,2.500615,7.622e-05,42.2957,-0.442051,22478.3
48900,1,1.459336,2.499773,7.618e-05,42.2733,-0.442104,22501.1
48950,1,1.486746,2.498966,7.613e-05,42.2481,-0.442221,22523.8
49000,1,1.00609,2.497597,7.608e-05,42.3812,-0.442506,22546.5
49050,1,1.217799,2.496536,7.604e-05,42.4017,-0.442748,22572.8
49100,1,1.487088,2.495654,7.599e-05,42.3797,-0.442816,22595.3
49150,1,0.800899,2.494761,7.594e-05,42.3633,-0.442871,22618.1
49200,1,1.941636,2.493843,7.59e-05,42.3578,-0.442922,22640.9
49250,1,1.96365,2.493186,7.585e-05,42.3127,-0.442919,22663.5
49300,1,1.921055,2.492521,7.58e-05,42.2752,-0.442926,22686.1
49350,1,1.297186,2.491722,7.576e-05,42.2806,-0.443018,22708.8
49400,1,1.087097,2.490521,7.571e-05,42.3578,-0.44329,22731.5
49450,1,2.195475,2.489437,7.566e-05,42.3968,-0.443502,22754.1
49500,1,1.589972,2.488646,7.562e-05,42.359,-0.44354,22776.8
49550,1,1.902536,2.487938,7.557e-05,42.3284,-0.443625,22799.5
49600,1,1.297055,2.487196,7.552e-05,42.3192,-0.443661,22822.2
49650,1,1.529963,2.486216,7.548e-05,42.3553,-0.443816,22844.8
49700,1,1.760367,2.485378,7.543e-05,42.3369,-0.443877,22867.6
49750,1,1.012619,2.484336,7.538e-05,42.3921,-0.444008,22890.4
49800,1,1.185717,2.483143,7.534e-05,42.4639,-0.444232,22913.2
49850,1,1.351767,2.482077,7.529e-05,42.4987,-0.444389,22936.0
49900,1,1.778796,2.481042,7.524e-05,42.5321,-0.444522,22958.6
49950,1,1.574206,2.480218,7.52e-05,42.4834,-0.444619,22981.3
50000,1,0.829632,2.479081,7.515e-05,42.5618,-0.444844,23004.1
50050,1,1.860622,2.478239,7.51e-05,42.5327,-0.444878,23030.7
50100,1,2.045411,2.477492,7.506e-05,42.5015,-0.444922,23053.4
50150,1,1.929778,2.476682,7.501e-05,42.4965,-0.444985,23076.0
50200,1,1.824502,2.475844,7.496e-05,42.4977,-0.44512,23098.6
50250,1,1.210488,2.474927,7.491e-05,42.5147,-0.445194,23121.3
50300,1,1.637161,2.473762,7.487e-05,42.5947,-0.445426,23143.9
50350,1,1.835976,2.472799,7.482e-05,42.5962,-0.445563,23166.5
50400,1,1.750063,2.471928,7.477e-05,42.5869,-0.445601,23189.1
50450,1,1.356801,2.47099,7.473e-05,42.6039,-0.445748,23211.7
50500,1,1.3927,2.470017,7.468e-05,42.6389,-0.44588,23234.3
50550,1,2.03313,2.469248,7.463e-05,42.6014,-0.44596,23257.1
50600,1,1.790587,2.468368,7.458e-05,42.6083,-0.446055,23279.7
50650,1,1.612482,2.467495,7.454e-05,42.6073,-0.446134,23302.4
50700,1,1.215848,2.466489,7.449e-05,42.6394,-0.446284,23324.9
50750,1,1.291355,2.465389,7.444e-05,42.6803,-0.446434,23347.6
50800,1,1.578634,2.464379,7.439e-05,42.7025,-0.446537,23370.3
50850,1,1.266526,2.463573,7.435e-05,42.6679,-0.44662,23393.1
50900,1,1.382886,2.462539,7.43e-05,42.7344,-0.446805,23415.7
50950,1,1.903275,2.461723,7.425e-05,42.701,-0.446892,23438.5
51000,1,1.45529,2.460929,7.42e-05,42.6794,-0.446995,23461.2
51050,1,1.360975,2.459841,7.416e-05,42.7666,-0.447283,23488.6
51100,1,1.290189,2.458728,7.411e-05,42.8171,-0.447464,23511.4
51150,1,1.750559,2.45786,7.406e-05,42.8016,-0.447524,23534.0
51200,1,1.131805,2.456927,7.401e-05,42.8148,-0.447616,23556.6
51250,1,1.828053,2.455877,7.397e-05,42.861,-0.447786,23579.1
51300,1,1.775737,2.455202,7.392e-05,42.8056,-0.447807,23601.7
51350,1,1.921991,2.454544,7.387e-05,42.7769,-0.447864,23624.3
51400,1,1.697805,2.453848,7.382e-05,42.7565,-0.447937,23647.0
51450,1,1.609592,2.453081,7.378e-05,42.7641,-0.448077,23669.7
51500,1,1.405235,2.452255,7.373e-05,42.7685,-0.448148,23692.3
51550,1,1.403243,2.451286,7.368e-05,42.8334,-0.448326,23715.0
51600,1,1.430581,2.450395,7.363e-05,42.8504,-0.448477,23737.5
51650,1,0.934435,2.44936,7.358e-05,42.8996,-0.448706,23760.3
51700,1,1.14964,2.448402,7.354e-05,42.9158,-0.448752,23782.8
51750,1,1.480335,2.447551,7.349e-05,42.9055,-0.448839,23805.4
51800,1,2.207727,2.446739,7.344e-05,42.8986,-0.448939,23828.0
51850,1,1.714409,2.445957,7.339e-05,42.8814,-0.448987,23850.6
51900,1,1.495434,2.44511,7.334e-05,42.8955,-0.449119,23873.3
51950,1,1.249039,2.44423,7.33e-05,42.9188,-0.449292,23896.0
52000,1,1.327827,2.443307,7.325e-05,42.9506,-0.449405,23918.7
52050,1,1.503131,2.442263,7.32e-05,43.0119,-0.449598,23945.2
52100,1,1.78156,2.441235,7.315e-05,43.0553,-0.449736,23967.9
52150,1,1.108656,2.440427,7.31e-05,43.0202,-0.449826,23990.6
52200,1,1.615202,2.439431,7.305e-05,43.0782,-0.449955,24013.3
52250,1,1.713338,2.438673,7.301e-05,43.0407,-0.450067,24035.9
52300,1,1.820027,2.438008,7.296e-05,42.9977,-0.450104,24058.8
52350,1,1.726615,2.437272,7.291e-05,42.9932,-0.450128,24081.4
52400,1,1.928185,2.436478,7.286e-05,42.991,-0.450209,24104.0
52450,1,1.587977,2.435692,7.281e-05,42.9839,-0.450286,24126.7
52500,1,1.744875,2.434948,7.276e-05,42.9675,-0.450378,24149.3
52550,1,1.794209,2.434269,7.272e-05,42.9451,-0.450465,24172.0
52600,1,1.685896,2.433338,7.267e-05,43.0238,-0.450657,24194.7
52650,1,1.066681,2.432228,7.262e-05,43.1242,-0.450912,24217.4
52700,1,1.901885,2.43129,7.257e-05,43.1397,-0.451011,24240.0
52750,1,1.438658,2.430595,7.252e-05,43.0973,-0.451118,24262.6
52800,1,1.527826,2.429896,7.247e-05,43.0786,-0.45118,24285.3
52850,1,1.565736,2.429072,7.243e-05,43.0943,-0.451271,24308.0
52900,1,1.554953,2.428037,7.238e-05,43.1667,-0.451457,24330.6
52950,1,1.961404,2.427191,7.233e-05,43.1558,-0.451532,24353.2
53000,1,2.225345,2.426518,7.228e-05,43.1128,-0.451564,24375.8
53050,1,1.836369,2.425892,7.223e-05,43.0826,-0.451605,24402.5
53100,1,1.584419,2.425189,7.218e-05,43.0853,-0.451756,24425.2
53150,1,1.422565,2.424167,7.213e-05,43.179,-0.451949,24447.8
53200,1,1.639078,2.423241,7.208e-05,43.2049,-0.452067,24470.5
53250,1,1.552886,2.422398,7.204e-05,43.208,-0.452178,24493.0
53300,1,1.602916,2.421478,7.199e-05,43.254,-0.452364,24515.5
53350,1,1.084647,2.420373,7.194e-05,43.3269,-0.45258,24538.2
53400,1,1.734169,2.41931,7.189e-05,43.3852,-0.452712,24560.9
53450,1,1.281408,2.418453,7.184e-05,43.3652,-0.452851,24583.5
53500,1,1.680097,2.417512,7.179e-05,43.4015,-0.452898,24606.2
53550,1,2.07437,2.416974,7.174e-05,43.3048,-0.452979,24628.9
53600,1,1.284699,2.416224,7.169e-05,43.3253,-0.453095,24651.5
53650,1,1.728213,2.4154,7.164e-05,43.342,-0.453219,24674.3
53700,1,1.386366,2.414502,7.16e-05,43.3821,-0.453431,24697.1
53750,1,1.323205,2.413509,7.155e-05,43.4423,-0.453641,24719.7
53800,1,1.014695,2.412458,7.15e-05,43.5297,-0.453824,24742.3
53850,1,1.709739,2.411577,7.145e-05,43.5266,-0.453938,24764.9
53900,1,1.780194,2.410707,7.14e-05,43.5304,-0.454002,24787.6
53950,1,1.063859,2.409764,7.135e-05,43.5629,-0.45417,24810.1
54000,1,1.119958,2.408776,7.13e-05,43.6055,-0.454322,24832.8
54050,1,1.595751,2.407825,7.125e-05,43.6326,-0.454393,24861.2
54100,1,1.683912,2.407087,7.12e-05,43.593,-0.454498,24884.0
54150,1,1.553259,2.406438,7.115e-05,43.5421,-0.454532,24906.7
54200,1,1.587126,2.405593,7.11e-05,43.581,-0.454598,24929.3
54250,1,1.682699,2.404659,7.105e-05,43.641,-0.454843,24951.8
54300,1,1.855798,2.403841,7.101e-05,43.6316,-0.454926,24974.4
54350,1,1.96171,2.403188,7.096e-05,43.5905,-0.455007,24997.1
54400,1,0.995051,2.40247,7.091e-05,43.5966,-0.455121,25019.7
54450,1,1.243519,2.401578,7.086e-05,43.6367,-0.455264,25042.4
54500,1,1.456806,2.400668,7.081e-05,43.6562,-0.455365,25065.0
54550,1,1.472894,2.399975,7.076e-05,43.6192,-0.455367,25087.6
54600,1,1.660404,2.399244,7.071e-05,43.6186,-0.455422,25110.3
54650,1,0.989871,2.398245,7.066e-05,43.6691,-0.455611,25133.0
54700,1,0.931266,2.397041,7.061e-05,43.7669,-0.455803,25155.7
54750,1,1.183223,2.39609,7.056e-05,43.7848,-0.455983,25178.4
54800,1,1.634949,2.395137,7.051e-05,43.8027,-0.456104,25201.1
54850,1,1.662028,2.394208,7.046e-05,43.8238,-0.456212,25223.8
54900,1,1.687257,2.393279,7.041e-05,43.8598,-0.456343,25246.3
54950,1,1.56195,2.392479,7.036e-05,43.8407,-0.456405,25269.0
55000,1,1.524853,2.391757,7.031e-05,43.8162,-0.456529,25291.7
55050,1,1.255048,2.390894,7.026e-05,43.8363,-0.456642,25318.4
55100,1,1.440621,2.389866,7.021e-05,43.9045,-0.456799,25341.1
55150,1,1.3539,2.389132,7.016e-05,43.8586,-0.456819,25363.9
55200,1,1.223658,2.388024,7.011e-05,43.9432,-0.457049,25386.6
55250,1,1.958802,2.387164,7.006e-05,43.9351,-0.457105,25409.2
55300,1,1.109556,2.386286,7.001e-05,43.9442,-0.457225,25431.9
55350,1,2.12662,2.385212,6.996e-05,44.0244,-0.45741,25454.4
55400,1,1.39652,2.384449,6.991e-05,43.9884,-0.457454,25477.0
55450,1,1.500955,2.383759,6.986e-05,43.9624,-0.45749,25499.8
55500,1,0.952463,2.382851,6.981e-05,43.9881,-0.457622,25522.3
55550,1,1.306126,2.381919,6.976e-05,44.0271,-0.457772,25544.8
55600,1,1.437823,2.381046,6.971e-05,44.0404,-0.457852,25567.5
55650,1,1.670542,2.380194,6.966e-05,44.0539,-0.457968,25590.2
55700,1,1.315579,2.379421,6.961e-05,44.0244,-0.458002,25613.3
55750,1,1.354798,2.378749,6.956e-05,43.9896,-0.45808,25637.3
55800,1,2.013078,2.377949,6.951e-05,44.0064,-0.45817,25661.5
55850,1,1.57151,2.377108,6.946e-05,44.0231,-0.458244,25685.8
55900,1,1.74898,2.376277,6.941e-05,44.0357,-0.458358,25710.7
55950,1,1.618776,2.375448,6.936e-05,44.0487,-0.458471,25734.9
56000,1,1.489519,2.374653,6.931e-05,44.0461,-0.458499,25759.7
56050,1,1.496687,2.373789,6.926e-05,44.0678,-0.458588,25786.1
56100,1,1.83345,2.373176,6.921e-05,44.0166,-0.458647,25809.2
56150,1,2.130005,2.372388,6.916e-05,44.0251,-0.458738,25832.0
56200,1,1.232424,2.37158,6.911e-05,44.0256,-0.458781,25854.7
56250,1,1.448393,2.370801,6.906e-05,44.0261,-0.458851,25877.5
56300,1,1.10168,2.369984,6.901e-05,44.0304,-0.458907,25900.2
56350,1,1.358927,2.369135,6.896e-05,44.0524,-0.458995,25922.9
56400,1,1.358009,2.36826,6.891e-05,44.0748,-0.459093,25945.5
56450,1,1.382615,2.367337,6.886e-05,44.1183,-0.459288,25968.1
56500,1,1.476748,2.366519,6.881e-05,44.1169,-0.459365,25990.8
56550,1,1.385482,2.365837,6.876e-05,44.0736,-0.459367,26013.4
56600,1,1.488479,2.365099,6.871e-05,44.0868,-0.459451,26036.1
56650,1,1.308684,2.364212,6.866e-05,44.1246,-0.459628,26058.8
56700,1,1.780909,2.363465,6.861e-05,44.1139,-0.459735,26081.4
56750,1,1.216839,2.362598,6.856e-05,44.1326,-0.459779,26104.1
56800,1,1.210616,2.361676,6.851e-05,44.181,-0.459951,26126.8
56850,1,1.873785,2.360947,6.846e-05,44.1442,-0.460017,26149.5
56900,1,1.353237,2.360274,6.841e-05,44.1213,-0.46007,26172.2
56950,1,1.52679,2.359527,6.836e-05,44.1341,-0.460145,26194.8
57000,1,1.581425,2.358654,6.831e-05,44.1861,-0.4603,26217.5
57050,1,1.846068,2.358114,6.826e-05,44.1111,-0.460283,26243.9
57100,1,1.75341,2.357499,6.821e-05,44.1009,-0.46043,26266.5
57150,1,1.676507,2.35671,6.815e-05,44.1421,-0.460525,26289.1
57200,1,1.577343,2.355987,6.81e-05,44.1332,-0.460629,26311.6
57250,1,1.137658,2.355183,6.805e-05,44.1726,-0.460767,26334.1
57300,1,1.190097,2.354138,6.8e-05,44.2883,-0.461044,26356.9
57350,1,1.917504,2.353092,6.795e-05,44.3802,-0.461248,26379.4
57400,1,1.220135,2.35239,6.79e-05,44.3488,-0.461324,26402.0
57450,1,1.926699,2.35172,6.785e-05,44.3224,-0.461316,26424.6
57500,1,1.514923,2.351089,6.78e-05,44.2918,-0.46135,26447.2
57550,1,0.957269,2.350423,6.775e-05,44.2875,-0.461403,26469.8
57600,1,1.478582,2.349638,6.77e-05,44.2954,-0.461485,26492.3
57650,1,1.52209,2.348787,6.765e-05,44.3256,-0.461585,26514.9
57700,1,1.526336,2.348096,6.76e-05,44.3045,-0.461639,26537.4
57750,1,1.557653,2.347408,6.755e-05,44.2971,-0.461717,26560.2
57800,1,1.335679,2.346601,6.749e-05,44.3348,-0.461852,26582.8
57850,1,1.483308,2.345702,6.744e-05,44.3937,-0.462029,26605.3
57900,1,1.564238,2.34476,6.739e-05,44.4591,-0.462187,26627.9
57950,1,1.590425,2.343839,6.734e-05,44.4988,-0.4623,26650.6
58000,1,1.584802,2.342986,6.729e-05,44.5162,-0.462439,26673.3
58050,1,1.544313,2.342191,6.724e-05,44.5264,-0.462545,26700.9
58100,1,1.096001,2.341181,6.719e-05,44.593,-0.462789,26723.5
58150,1,1.559748,2.340175,6.714e-05,44.6376,-0.462859,26746.2
58200,1,1.309105,2.339253,6.709e-05,44.6582,-0.462973,26768.7
58250,1,1.6076,2.338435,6.704e-05,44.6483,-0.463048,26791.5
58300,1,1.602575,2.337594,6.698e-05,44.6597,-0.463149,26814.2
58350,1,1.433982,2.33678,6.693e-05,44.6647,-0.463251,26837.0
58400,1,0.84617,2.335849,6.688e-05,44.7013,-0.463326,26859.5
58450,1,1.309448,2.335132,6.683e-05,44.6698,-0.463378,26882.2
58500,1,1.064752,2.334373,6.678e-05,44.6713,-0.463489,26904.7
58550,1,1.67695,2.333627,6.673e-05,44.6657,-0.463503,26927.3
58600,1,1.413752,2.332935,6.668e-05,44.6343,-0.463524,26950.0
58650,1,1.077288,2.332185,6.663e-05,44.6325,-0.463586,26972.7
58700,1,0.929707,2.331194,6.657e-05,44.7154,-0.463798,26995.2
58750,1,1.153462,2.330136,6.652e-05,44.8232,-0.464018,27017.8
58800,1,1.897871,2.329497,6.647e-05,44.7642,-0.464009,27040.3
58850,1,0.932996,2.328807,6.642e-05,44.7583,-0.464147,27063.1
58900,1,1.682445,2.327929,6.637e-05,44.7968,-0.464238,27085.6
58950,1,1.496574,2.327232,6.632e-05,44.7692,-0.464271,27108.2
59000,1,1.23282,2.326429,6.627e-05,44.787,-0.464345,27130.8
59050,1,1.714253,2.325538,6.622e-05,44.8168,-0.464509,27157.1
59100,1,1.61444,2.324889,6.616e-05,44.7646,-0.464463,27179.8
59150,1,1.555421,2.324292,6.611e-05,44.7384,-0.464447,27202.5
59200,1,1.367581,2.323563,6.606e-05,44.7575,-0.464606,27225.1
59250,1,1.365969,2.322743,6.601e-05,44.796,-0.464675,27247.8
59300,1,1.317362,2.321839,6.596e-05,44.8559,-0.464874,27270.4
59350,1,1.106068,2.32094,6.591e-05,44.9155,-0.465006,27293.0
59400,1,1.622887,2.320164,6.585e-05,44.9117,-0.465117,27315.6
59450,1,1.799555,2.319466,6.58e-05,44.8829,-0.465192,27338.2
59500,1,1.581078,2.318741,6.575e-05,44.8803,-0.465238,27360.9
59550,1,1.313619,2.318051,6.57e-05,44.8593,-0.465284,27383.5
59600,1,1.474469,2.317452,6.565e-05,44.828,-0.46531,27406.2
59650,1,1.42374,2.316853,6.56e-05,44.8122,-0.465369,27428.9
59700,1,1.344836,2.316107,6.554e-05,44.8463,-0.465421,27451.3
59750,1,0.903342,2.315255,6.549e-05,44.8826,-0.465591,27473.9
59800,1,1.17944,2.314379,6.544e-05,44.9197,-0.465686,27496.5
59850,1,1.468231,2.313579,6.539e-05,44.9364,-0.465782,27519.0
59900,1,1.950068,2.312963,6.534e-05,44.889,-0.465815,27541.7
59950,1,1.50155,2.312383,6.529e-05,44.8487,-0.465908,27564.3
60000,1,1.166439,2.311678,6.523e-05,44.8644,-0.465927,27587.0
60050,1,1.607994,2.311009,6.518e-05,44.8569,-0.46604,27613.4
60100,1,1.58231,2.31017,6.513e-05,44.9005,-0.466112,27635.9
60150,1,0.878332,2.309204,6.508e-05,44.9664,-0.466351,27658.4
60200,1,1.37075,2.308294,6.503e-05,45.0062,-0.466426,27681.0
60250,1,1.508441,2.307596,6.498e-05,44.9822,-0.466532,27703.8
60300,1,1.233628,2.306767,6.492e-05,45.0195,-0.466598,27726.5
60350,1,2.305895,2.305961,6.487e-05,45.0373,-0.466761,27749.1
60400,1,1.415343,2.305179,6.482e-05,45.0316,-0.46681,27771.9
60450,1,1.048885,2.304319,6.477e-05,45.0638,-0.466918,27794.6
60500,1,1.546232,2.303436,6.472e-05,45.1079,-0.467018,27817.3
60550,1,1.519896,2.302673,6.466e-05,45.1,-0.467108,27839.9
60600,1,1.22188,2.301907,6.461e-05,45.1203,-0.467237,27862.6
60650,1,1.641299,2.301145,6.456e-05,45.1317,-0.467297,27885.2
60700,1,1.755127,2.300269,6.451e-05,45.1661,-0.467461,27907.9
60750,1,1.255226,2.299483,6.446e-05,45.1661,-0.467483,27930.6
60800,1,1.497427,2.298714,6.44e-05,45.1709,-0.467561,27953.1
60850,1,1.452305,2.297892,6.435e-05,45.1922,-0.46764,27975.8
60900,1,1.031954,2.297079,6.43e-05,45.2202,-0.467775,27998.4
60950,1,1.787673,2.296465,6.425e-05,45.1746,-0.467851,28021.0
61000,1,1.244612,2.295696,6.42e-05,45.1944,-0.467918,28043.8
61050,1,0.808117,2.294777,6.414e-05,45.2725,-0.468137,28070.4
61100,1,1.083757,2.293994,6.409e-05,45.2782,-0.4682,28093.0
61150,1,1.176113,2.293231,6.404e-05,45.2876,-0.46829,28115.6
61200,1,1.61912,2.292418,6.399e-05,45.3078,-0.468358,28138.0
61250,1,1.107631,2.291656,6.393e-05,45.3105,-0.468506,28160.8
61300,1,0.915368,2.29062,6.388e-05,45.431,-0.468758,28183.5
61350,1,1.965225,2.289811,6.383e-05,45.4458,-0.46884,28206.1
61400,1,1.399971,2.28905,6.378e-05,45.4334,-0.468901,28228.8
61450,1,1.144566,2.288316,6.373e-05,45.4303,-0.468956,28251.5
61500,1,1.695637,2.287674,6.367e-05,45.4068,-0.469018,28274.2
61550,1,1.745047,2.286981,6.362e-05,45.4045,-0.469047,28296.9
61600,1,1.391206,2.286254,6.357e-05,45.4072,-0.469108,28319.5
61650,1,1.538816,2.285575,6.352e-05,45.3912,-0.469161,28342.1
61700,1,1.216783,2.284821,6.346e-05,45.4063,-0.46921,28364.9
61750,1,0.749642,2.283966,6.341e-05,45.447,-0.469342,28387.5
61800,1,1.041523,2.282997,6.336e-05,45.5006,-0.469441,28410.1
61850,1,1.58615,2.282029,6.331e-05,45.555,-0.469583,28432.6
61900,1,1.577901,2.281318,6.325e-05,45.5237,-0.469609,28455.2
61950,1,1.493865,2.280677,6.32e-05,45.4835,-0.469564,28477.8
62000,1,0.783131,2.279883,6.315e-05,45.5106,-0.469716,28500.5
62050,1,1.438793,2.279215,6.31e-05,45.4813,-0.46973,28527.5
62100,1,1.543838,2.278548,6.304e-05,45.4756,-0.469804,28550.2
62150,1,1.386975,2.277773,6.299e-05,45.4992,-0.469925,28573.0
62200,1,1.308846,2.277062,6.294e-05,45.4961,-0.469985,28595.8
62250,1,1.049836,2.276201,6.289e-05,45.5421,-0.470094,28618.7
62300,1,1.001928,2.275319,6.283e-05,45.5838,-0.470203,28641.5
62350,1,1.250227,2.274627,6.278e-05,45.5522,-0.470256,28664.3
62400,1,1.031303,2.273848,6.273e-05,45.5702,-0.470344,28686.9
62450,1,1.26657,2.273034,6.268e-05,45.6052,-0.470443,28709.5
62500,1,1.03678,2.272289,6.262e-05,45.6052,-0.470562,28732.2
62550,1,1.594079,2.271456,6.257e-05,45.6505,-0.470641,28754.7
62600,1,1.29584,2.270761,6.252e-05,45.6263,-0.470688,28777.4
62650,1,1.499472,2.269966,6.247e-05,45.6788,-0.470842,28800.1
62700,1,1.336922,2.269195,6.241e-05,45.6968,-0.470899,28822.9
62750,1,0.830948,2.268455,6.236e-05,45.7127,-0.471039,28845.6
62800,1,1.698067,2.267791,6.231e-05,45.6966,-0.471053,28868.1
62850,1,1.005335,2.267045,6.226e-05,45.7054,-0.47115,28890.9
62900,1,1.130315,2.266095,6.22e-05,45.7868,-0.471293,28913.6
62950,1,1.185026,2.265207,6.215e-05,45.8455,-0.471443,28936.2
63000,1,1.201265,2.264359,6.21e-05,45.8887,-0.471605,28958.8
63050,1,1.426665,2.263637,6.204e-05,45.8707,-0.471696,28986.9
63100,1,1.333625,2.262994,6.199e-05,45.8364,-0.471715,29009.7
63150,1,1.489926,2.262436,6.194e-05,45.8044,-0.471743,29032.3
63200,1,1.49975,2.261961,6.189e-05,45.7475,-0.471778,29054.9
63250,1,1.514612,2.261231,6.183e-05,45.8016,-0.471863,29077.5
63300,1,1.126724,2.260416,6.178e-05,45.8466,-0.471992,29100.0
63350,1,1.645738,2.259656,6.173e-05,45.8569,-0.472029,29122.7
63400,1,0.641482,2.258814,6.168e-05,45.8959,-0.472184,29145.4
63450,1,1.510495,2.257923,6.162e-05,45.9471,-0.4723,29168.0
63500,1,1.179213,2.257129,6.157e-05,45.9477,-0.472352,29190.6
63550,1,0.951568,2.256228,6.152e-05,45.9829,-0.472412,29213.3
63600,1,0.856396,2.255366,6.146e-05,46.0136,-0.472513,29235.9
63650,1,1.505623,2.254567,6.141e-05,46.0279,-0.472615,29258.5
63700,1,0.899523,2.253799,6.136e-05,46.0325,-0.472693,29281.1
63750,1,1.548326,2.253167,6.13e-05,46.0063,-0.472687,29303.7
63800,1,1.320228,2.252574,6.125e-05,45.9747,-0.472687,29326.4
63850,1,1.097564,2.251853,6.12e-05,45.9999,-0.472837,29349.0
63900,1,1.633438,2.25126,6.115e-05,45.9657,-0.472841,29371.8
63950,1,1.388457,2.250532,6.109e-05,45.9904,-0.472908,29394.4
64000,1,1.295872,2.249755,6.104e-05,46.0233,-0.473089,29417.0
64050,1,1.232216,2.249001,6.099e-05,46.0379,-0.473163,29443.6
64100,1,1.134804,2.24828,6.093e-05,46.047,-0.47329,29466.2
64150,1,1.435871,2.247453,6.088e-05,46.0859,-0.473371,29488.7
64200,1,0.926243,2.246678,6.083e-05,46.0935,-0.473446,29511.4
64250,1,1.409339,2.245955,6.077e-05,46.0956,-0.473482,29534.3
64300,1,1.410614,2.245267,6.072e-05,46.0937,-0.473596,29558.7
64350,1,0.924097,2.244449,6.067e-05,46.1348,-0.473735,29583.1
64400,1,1.165871,2.243609,6.062e-05,46.1753,-0.473796,29608.0
64450,1,1.05121,2.242937,6.056e-05,46.1462,-0.473891,29631.9
64500,1,0.890318,2.241986,6.051e-05,46.2382,-0.474045,29656.2
64550,1,1.404822,2.241206,6.046e-05,46.245,-0.474138,29680.3
64600,1,0.951026,2.240345,6.04e-05,46.2885,-0.474304,29703.4
64650,1,1.421516,2.23961,6.035e-05,46.2829,-0.474369,29726.2
64700,1,0.858514,2.238858,6.03e-05,46.2907,-0.474449,29748.8
64750,1,1.147365,2.238055,6.024e-05,46.3164,-0.474518,29771.5
64800,1,1.024079,2.237246,6.019e-05,46.3512,-0.474668,29794.1
64850,1,1.226847,2.236424,6.014e-05,46.3984,-0.474782,29816.8
64900,1,1.064017,2.235674,6.008e-05,46.3989,-0.474865,29839.4
64950,1,1.820058,2.234911,6.003e-05,46.4134,-0.474967,29862.0
65000,1,1.353158,2.234079,5.998e-05,46.441,-0.475021,29884.7
65050,1,1.188414,2.233235,5.992e-05,46.4808,-0.475093,29910.9
65100,1,1.387461,2.232515,5.987e-05,46.471,-0.47515,29933.7
65150,1,1.086275,2.231965,5.982e-05,46.403,-0.475153,29956.3
65200,1,1.875201,2.231286,5.976e-05,46.411,-0.475243,29979.0
65250,1,1.286655,2.230524,5.971e-05,46.4287,-0.475266,30001.6
65300,1,1.023341,2.229712,5.966e-05,46.468,-0.475418,30024.2
65350,1,1.640413,2.229107,5.96e-05,46.4421,-0.475395,30046.9
65400,1,1.546423,2.228694,5.955e-05,46.3703,-0.475372,30069.5
65450,1,1.323547,2.228175,5.95e-05,46.3476,-0.475401,30092.4
65500,1,1.382814,2.227422,5.944e-05,46.4198,-0.475566,30114.9
65550,1,1.279731,2.226712,5.939e-05,46.4335,-0.475628,30137.6
65600,1,1.12056,2.226057,5.934e-05,46.4272,-0.475714,30160.2
65650,1,1.189111,2.225339,5.928e-05,46.4655,-0.475792,30182.8
65700,1,1.391556,2.224525,5.923e-05,46.5393,-0.475934,30205.4
65750,1,1.16867,2.223733,5.918e-05,46.5628,-0.476048,30228.1
65800,1,0.818569,2.222829,5.912e-05,46.642,-0.476175,30250.8
65850,1,1.117654,2.221989,5.907e-05,46.6918,-0.476378,30273.4
65900,1,0.990025,2.221231,5.902e-05,46.697,-0.476389,30296.2
65950,1,1.474319,2.220597,5.896e-05,46.6693,-0.476443,30318.8
66000,1,1.329108,2.219874,5.891e-05,46.6819,-0.476592,30341.3
66050,1,1.219859,2.219,5.886e-05,46.7592,-0.476742,30367.7
66100,1,1.383195,2.218274,5.88e-05,46.7592,-0.47684,30390.2
66150,1,1.367005,2.217647,5.875e-05,46.7246,-0.476821,30413.0
66200,1,1.335716,2.216967,5.87e-05,46.7284,-0.476934,30435.5
66250,1,1.125636,2.216151,5.864e-05,46.7879,-0.477067,30458.1
66300,1,1.070481,2.215287,5.859e-05,46.8694,-0.477175,30480.8
66350,1,1.265326,2.214478,5.853e-05,46.9251,-0.477345,30503.2
66400,1,1.029706,2.213745,5.848e-05,46.931,-0.477433,30525.9
66450,1,1.206022,2.212998,5.843e-05,46.9581,-0.477524,30548.6
66500,1,1.492906,2.212357,5.837e-05,46.9194,-0.477517,30571.2
66550,1,0.871068,2.211632,5.832e-05,46.9412,-0.477645,30593.8
66600,1,1.166603,2.210838,5.827e-05,46.9949,-0.477764,30616.3
66650,1,1.432031,2.210127,5.821e-05,47.0072,-0.477812,30638.9
66700,1,1.282229,2.209477,5.816e-05,46.9792,-0.477941,30661.6
66750,1,1.011283,2.208707,5.811e-05,47.0238,-0.478039,30684.2
66800,1,1.138815,2.207939,5.805e-05,47.048,-0.47812,30706.8
66850,1,1.622294,2.207416,5.8e-05,46.9748,-0.478116,30729.6
66900,1,1.351673,2.206612,5.794e-05,47.0351,-0.478273,30752.2
66950,1,1.486526,2.205719,5.789e-05,47.1044,-0.4784,30774.9
67000,1,0.824106,2.204808,5.784e-05,47.1593,-0.478586,30797.6
67050,1,1.620093,2.203841,5.778e-05,47.2497,-0.478742,30825.5
67100,1,1.337632,2.203196,5.773e-05,47.1991,-0.478714,30848.1
67150,1,1.458317,2.202516,5.768e-05,47.1846,-0.478786,30870.7
67200,1,1.869937,2.201976,5.762e-05,47.1271,-0.478811,30893.4
67250,1,1.159333,2.201322,5.757e-05,47.1317,-0.478847,30916.1
67300,1,0.722665,2.200576,5.752e-05,47.1558,-0.478939,30938.6
67350,1,1.649947,2.199949,5.746e-05,47.143,-0.478968,30961.1
67400,1,0.824754,2.199339,5.741e-05,47.1287,-0.479026,30983.6
67450,1,1.543345,2.198519,5.735e-05,47.1746,-0.47912,31006.3
67500,1,1.404825,2.197733,5.73e-05,47.1885,-0.479143,31029.0
67550,1,0.822217,2.196978,5.725e-05,47.1991,-0.479231,31051.6
67600,1,0.991504,2.196213,5.719e-05,47.2158,-0.479273,31074.3
67650,1,1.03481,2.195447,5.714e-05,47.2323,-0.479306,31097.0
67700,1,1.201482,2.19488,5.709e-05,47.1807,-0.479374,31119.6
67750,1,1.484354,2.194064,5.703e-05,47.236,-0.479473,31142.2
67800,1,1.241235,2.193364,5.698e-05,47.232,-0.479482,31164.9
67850,1,1.809382,2.192855,5.692e-05,47.1629,-0.479485,31187.6
67900,1,1.041285,2.192259,5.687e-05,47.1519,-0.479528,31210.3
67950,1,1.368723,2.1915,5.682e-05,47.2051,-0.479676,31233.0
68000,1,1.190333,2.190636,5.676e-05,47.2754,-0.479837,31255.6
68050,1,1.114884,2.189892,5.671e-05,47.2812,-0.479887,31282.2
68100,1,0.885994,2.189092,5.665e-05,47.3243,-0.479982,31304.8
68150,1,0.998396,2.188392,5.66e-05,47.3235,-0.480075,31327.6
68200,1,1.412882,2.187694,5.655e-05,47.3258,-0.480126,31350.3
68250,1,1.711668,2.187028,5.649e-05,47.3328,-0.480188,31372.9
68300,1,1.219378,2.186338,5.644e-05,47.3388,-0.480267,31395.7
68350,1,1.069776,2.185518,5.638e-05,47.4089,-0.480311,31418.4
68400,1,1.141703,2.184747,5.633e-05,47.4427,-0.48044,31441.0
68450,1,1.359535,2.184106,5.628e-05,47.3998,-0.480526,31463.7
68500,1,1.066387,2.183428,5.622e-05,47.4036,-0.480534,31486.3
68550,1,0.881361,2.182711,5.617e-05,47.4276,-0.480643,31508.9
68600,1,1.105687,2.182043,5.612e-05,47.434,-0.480666,31531.6
68650,1,1.13469,2.181427,5.606e-05,47.4144,-0.480705,31554.3
68700,1,1.035988,2.180656,5.601e-05,47.4732,-0.480817,31576.9
68750,1,1.326136,2.179866,5.595e-05,47.5303,-0.480933,31599.5
68800,1,1.212597,2.179128,5.59e-05,47.547,-0.481018,31622.2
68850,1,1.978445,2.178533,5.585e-05,47.5264,-0.481029,31644.9
68900,1,0.896044,2.177881,5.579e-05,47.5282,-0.481103,31667.6
68950,1,0.907273,2.177111,5.574e-05,47.5511,-0.481163,31690.2
69000,1,1.04627,2.176364,5.568e-05,47.5672,-0.481237,31712.8
69050,1,1.118456,2.175559,5.563e-05,47.6038,-0.481307,31739.4
69100,1,1.475279,2.174855,5.558e-05,47.5963,-0.481397,31762.0
69150,1,1.208163,2.174164,5.552e-05,47.5991,-0.481384,31784.5
69200,1,1.572898,2.173632,5.547e-05,47.5502,-0.481378,31807.2
69250,1,1.434554,2.173099,5.541e-05,47.5213,-0.481392,31829.9
69300,1,0.871812,2.172432,5.536e-05,47.5439,-0.481489,31852.4
69350,1,1.253954,2.171694,5.53e-05,47.5794,-0.481536,31875.1
69400,1,1.358445,2.171128,5.525e-05,47.5385,-0.481522,31897.9
69450,1,1.232535,2.17039,5.52e-05,47.5865,-0.481618,31920.4
69500,1,1.409001,2.169601,5.514e-05,47.6462,-0.48177,31943.2
69550,1,1.330896,2.168906,5.509e-05,47.6573,-0.481802,31966.2
69600,1,1.148652,2.168284,5.503e-05,47.6331,-0.481876,31988.8
69650,1,1.051459,2.167606,5.498e-05,47.6476,-0.481994,32011.3
69700,1,1.228865,2.166843,5.493e-05,47.7072,-0.482075,32034.1
69750,1,1.228195,2.166256,5.487e-05,47.6615,-0.482068,32056.7
69800,1,1.113019,2.165506,5.482e-05,47.7229,-0.48218,32079.3
69850,1,1.1051,2.164649,5.476e-05,47.8293,-0.482413,32101.9
69900,1,0.843617,2.163835,5.471e-05,47.905,-0.482579,32124.6
69950,1,0.983227,2.163126,5.466e-05,47.8999,-0.482665,32147.4
70000,1,1.34382,2.16228,5.46e-05,47.9549,-0.482708,32170.1
70050,1,1.532061,2.161764,5.455e-05,47.8736,-0.48265,32196.6
70100,1,0.822039,2.161162,5.449e-05,47.8663,-0.482753,32219.5
70150,1,1.687995,2.160632,5.444e-05,47.8358,-0.482746,32242.0
70200,1,0.90394,2.160027,5.439e-05,47.8339,-0.482825,32264.7
70250,1,0.623816,2.159264,5.433e-05,47.8747,-0.482881,32287.3
70300,1,1.112196,2.158435,5.428e-05,47.9329,-0.483022,32309.9
70350,1,1.228776,2.157684,5.422e-05,47.9499,-0.483052,32332.6
70400,1,1.7279,2.157134,5.417e-05,47.91,-0.483125,32355.3
70450,1,1.771415,2.156602,5.411e-05,47.881,-0.483135,32377.9
70500,1,0.946017,2.155972,5.406e-05,47.8808,-0.483158,32400.5
70550,1,1.174512,2.155332,5.401e-05,47.8784,-0.483163,32423.1
70600,1,1.112588,2.154675,5.395e-05,47.883,-0.48324,32445.7
70650,1,0.994883,2.153946,5.39e-05,47.9266,-0.483321,32468.3
70700,1,1.189671,2.153285,5.384e-05,47.9268,-0.483371,32491.0
70750,1,1.115402,2.152506,5.379e-05,47.9836,-0.483542,32513.7
70800,1,1.56056,2.151883,5.374e-05,47.9626,-0.483485,32536.3
70850,1,1.775313,2.151339,5.368e-05,47.9153,-0.483502,32558.9
70900,1,1.495211,2.150765,5.363e-05,47.899,-0.483578,32581.5
70950,1,1.07851,2.15003,5.357e-05,47.9361,-0.483668,32604.1
71000,1,0.949277,2.149178,5.352e-05,48.0146,-0.483746,32626.7
71050,1,1.453801,2.14853,5.346e-05,48.0068,-0.483818,32653.5
71100,1,0.878747,2.14777,5.341e-05,48.0568,-0.483906,32676.3
71150,1,1.843704,2.14718,5.336e-05,48.0426,-0.483929,32698.9
71200,1,1.672951,2.146681,5.33e-05,48.0038,-0.483946,32721.5
71250,1,1.079585,2.146092,5.325e-05,48.0002,-0.483961,32744.1
71300,1,1.178952,2.145467,5.319e-05,48.0065,-0.484058,32766.7
71350,1,1.156552,2.144607,5.314e-05,48.1086,-0.484246,32789.2
71400,1,1.316284,2.144021,5.308e-05,48.0843,-0.484273,32811.8
71450,1,1.06382,2.14336,5.303e-05,48.0972,-0.48428,32834.6
71500,1,1.523594,2.142672,5.298e-05,48.1228,-0.48437,32857.2
71550,1,1.421464,2.142084,5.292e-05,48.1049,-0.484377,32879.8
71600,1,1.320557,2.141611,5.287e-05,48.0548,-0.484463,32902.5
71650,1,0.671671,2.140888,5.281e-05,48.123,-0.484572,32925.1
71700,1,0.983513,2.140219,5.276e-05,48.1314,-0.484613,32947.7
71750,1,1.720959,2.139727,5.27e-05,48.0876,-0.484589,32970.3
71800,1,1.350583,2.139184,5.265e-05,48.0831,-0.484631,32993.1
71850,1,1.606811,2.13854,5.26e-05,48.1074,-0.484672,33015.6
71900,1,1.055585,2.137874,5.254e-05,48.1224,-0.484767,33038.3
71950,1,1.216896,2.137091,5.249e-05,48.1929,-0.48486,33061.0
72000,1,1.30338,2.136465,5.243e-05,48.1757,-0.484892,33083.7
72050,1,1.11595,2.135949,5.238e-05,48.1181,-0.484912,33110.0
72100,1,1.416962,2.135478,5.232e-05,48.0717,-0.484909,33132.6
72150,1,1.010449,2.134868,5.227e-05,48.0912,-0.485058,33155.1
72200,1,0.798956,2.13409,5.222e-05,48.169,-0.485124,33177.7
72250,1,1.308457,2.133447,5.216e-05,48.1608,-0.485246,33200.4
72300,1,1.00697,2.132592,5.211e-05,48.2503,-0.485355,33222.9
72350,1,1.141401,2.131904,5.205e-05,48.2528,-0.485387,33245.5
72400,1,1.739637,2.131305,5.2e-05,48.2315,-0.485452,33268.1
72450,1,1.354723,2.130716,5.194e-05,48.223,-0.485448,33290.7
72500,1,0.718185,2.130106,5.189e-05,48.2159,-0.485516,33313.2
72550,1,1.10208,2.129468,5.184e-05,48.2212,-0.485498,33336.0
72600,1,0.960121,2.128934,5.178e-05,48.1944,-0.4856,33358.6
72650,1,0.861939,2.128113,5.173e-05,48.2674,-0.48571,33381.2
72700,1,0.835921,2.127425,5.167e-05,48.2792,-0.485763,33403.8
72750,1,2.039244,2.126812,5.162e-05,48.2722,-0.485769,33426.5
72800,1,1.003743,2.126221,5.156e-05,48.2602,-0.485804,33449.2
72850,1,0.864165,2.125541,5.151e-05,48.284,-0.485914,33472.7
72900,1,0.941692,2.124685,5.146e-05,48.3817,-0.486033,33496.7
72950,1,1.225298,2.124022,5.14e-05,48.3733,-0.486097,33520.9
73000,1,1.094877,2.123306,5.135e-05,48.4163,-0.486145,33544.7
73050,1,1.406039,2.122682,5.129e-05,48.4047,-0.486249,33572.1
73100,1,0.743003,2.122017,5.124e-05,48.4018,-0.486272,33596.5
73150,1,0.769924,2.121284,5.118e-05,48.4381,-0.486328,33620.4
73200,1,1.413043,2.120652,5.113e-05,48.433,-0.486342,33644.5
73250,1,1.407522,2.120119,5.107e-05,48.4034,-0.486349,33669.0
73300,1,1.179958,2.11955,5.102e-05,48.393,-0.486396,33691.7
73350,1,1.249727,2.118855,5.097e-05,48.42,-0.486431,33714.3
73400,1,0.961621,2.118114,5.091e-05,48.4729,-0.486565,33737.3
73450,1,1.240409,2.117436,5.086e-05,48.4957,-0.486629,33760.2
73500,1,1.479425,2.116898,5.08e-05,48.4388,-0.486623,33782.9
73550,1,0.938982,2.11638,5.075e-05,48.3962,-0.486677,33805.8
73600,1,1.117205,2.115778,5.069e-05,48.4114,-0.486709,33828.4
73650,1,0.969948,2.115167,5.064e-05,48.4204,-0.486747,33851.0
73700,1,1.494297,2.114681,5.059e-05,48.3797,-0.486696,33873.7
73750,1,1.57165,2.114236,5.053e-05,48.3401,-0.486769,33896.4
73800,1,0.842258,2.11366,5.048e-05,48.3439,-0.486834,33919.0
73850,1,1.930173,2.112924,5.042e-05,48.4135,-0.48694,33941.7
73900,1,1.481685,2.112267,5.037e-05,48.4197,-0.486931,33964.3
73950,1,1.119883,2.111681,5.031e-05,48.4025,-0.487005,33986.9
74000,1,0.771725,2.111018,5.026e-05,48.4244,-0.487061,34009.5
74050,1,0.994356,2.110275,5.02e-05,48.4729,-0.487113,34035.9
74100,1,1.378707,2.109532,5.015e-05,48.5241,-0.48721,34058.4
74150,1,1.30614,2.108903,5.01e-05,48.5241,-0.487238,34081.1
74200,1,1.071175,2.108437,5.004e-05,48.4625,-0.487332,34103.7
74250,1,0.616924,2.107681,4.999e-05,48.5355,-0.487415,34126.5
74300,1,1.2877,2.107019,4.993e-05,48.5557,-0.487495,34149.0
74350,1,1.420973,2.106504,4.988e-05,48.5212,-0.487468,34171.7
74400,1,1.187467,2.106026,4.982e-05,48.4919,-0.487477,34194.3
74450,1,1.1251,2.105418,4.977e-05,48.5148,-0.487568,34217.0
74500,1,1.368057,2.104762,4.972e-05,48.5549,-0.487652,34239.8
74550,1,1.128374,2.104167,4.966e-05,48.5411,-0.487609,34262.4
74600,1,1.034756,2.103674,4.961e-05,48.5137,-0.487669,34285.0
74650,1,1.19471,2.102955,4.955e-05,48.5581,-0.487794,34307.7
74700,1,0.970136,2.102193,4.95e-05,48.6199,-0.487875,34330.5
74750,1,0.875652,2.101464,4.944e-05,48.6633,-0.487987,34353.2
74800,1,1.076495,2.100847,4.939e-05,48.6581,-0.488015,34375.9
74850,1,1.206583,2.100317,4.934e-05,48.6243,-0.488012,34398.5
74900,1,0.962791,2.09976,4.928e-05,48.616,-0.488069,34421.2
74950,1,0.954202,2.099082,4.923e-05,48.6499,-0.488181,34443.8
75000,1,1.235629,2.098447,4.917e-05,48.6589,-0.488192,34466.5
75050,1,0.719385,2.097816,4.912e-05,48.6729,-0.488283,34494.3
75100,1,1.357702,2.097152,4.906e-05,48.6914,-0.488342,34516.8
75150,1,1.563522,2.096446,4.901e-05,48.7177,-0.488356,34539.3
75200,1,1.049134,2.095804,4.895e-05,48.7287,-0.488399,34561.9
75250,1,1.077611,2.095224,4.89e-05,48.7131,-0.488464,34584.4
75300,1,1.416291,2.094675,4.885e-05,48.6961,-0.488473,34607.0
75350,1,0.875957,2.094019,4.879e-05,48.7346,-0.488573,34629.5
75400,1,1.119253,2.093323,4.874e-05,48.79,-0.488635,34652.1
75450,1,1.118036,2.092647,4.868e-05,48.8295,-0.488781,34674.6
75500,1,0.885684,2.09194,4.863e-05,48.899,-0.488923,34697.3
75550,1,1.247643,2.09125,4.857e-05,48.9458,-0.489025,34719.9
75600,1,0.799245,2.090614,4.852e-05,48.9511,-0.489049,34742.6
75650,1,0.958328,2.089941,4.847e-05,48.9649,-0.489103,34765.3
75700,1,1.431812,2.089337,4.841e-05,48.9605,-0.489124,34787.9
75750,1,1.34539,2.088829,4.836e-05,48.9268,-0.489106,34810.5
75800,1,0.966531,2.088253,4.83e-05,48.9302,-0.489117,34833.1
75850,1,1.090618,2.087694,4.825e-05,48.921,-0.48919,34855.8
75900,1,0.947581,2.087037,4.819e-05,48.9596,-0.489313,34878.4
75950,1,0.552417,2.086258,4.814e-05,49.0345,-0.489457,34901.1
76000,1,1.788659,2.085632,4.809e-05,49.0409,-0.489475,34923.7
76050,1,0.617038,2.085002,4.803e-05,49.0356,-0.489567,34951.0
76100,1,0.680256,2.084236,4.798e-05,49.099,-0.489676,34973.7
76150,1,1.044117,2.083508,4.792e-05,49.1385,-0.489695,34996.3
76200,1,1.234176,2.082894,4.787e-05,49.1221,-0.489742,35019.1
76250,1,0.886235,2.08217,4.781e-05,49.1759,-0.489854,35041.8
76300,1,1.37725,2.081485,4.776e-05,49.2071,-0.489908,35064.5
76350,1,0.73772,2.080743,4.771e-05,49.2562,-0.490061,35087.2
76400,1,1.028006,2.079992,4.765e-05,49.3255,-0.490151,35109.8
76450,1,1.078907,2.079333,4.76e-05,49.3358,-0.490206,35132.5
76500,1,1.532006,2.078834,4.754e-05,49.2811,-0.490213,35155.2
76550,1,1.09623,2.078314,4.749e-05,49.2566,-0.490218,35177.9
76600,1,1.605947,2.077668,4.743e-05,49.2783,-0.490312,35200.6
76650,1,1.612429,2.07705,4.738e-05,49.2811,-0.49026,35223.3
76700,1,1.181314,2.076526,4.733e-05,49.2564,-0.490286,35245.9
76750,1,0.976794,2.076017,4.727e-05,49.2311,-0.49034,35268.6
76800,1,1.414374,2.075399,4.722e-05,49.2542,-0.490358,35291.2
76850,1,1.049953,2.07475,4.716e-05,49.2702,-0.490406,35313.7
76900,1,0.993326,2.074043,4.711e-05,49.3148,-0.490503,35336.3
76950,1,0.679373,2.073319,4.705e-05,49.3708,-0.490626,35359.0
77000,1,1.118535,2.072629,4.7e-05,49.4007,-0.490674,35381.7
77050,1,0.986642,2.071941,4.695e-05,49.4234,-0.490735,35409.1
77100,1,1.198576,2.071242,4.689e-05,49.455,-0.49081,35431.8
77150,1,0.918771,2.070447,4.684e-05,49.5221,-0.490892,35454.3
77200,1,1.273292,2.069965,4.678e-05,49.4482,-0.490849,35476.9
77250,1,1.001368,2.069308,4.673e-05,49.4785,-0.491024,35499.5
77300,1,0.599479,2.068644,4.667e-05,49.5073,-0.491115,35522.4
77350,1,1.043021,2.068092,4.662e-05,49.4838,-0.491078,35545.0
77400,1,1.155228,2.067619,4.657e-05,49.4455,-0.491054,35567.6
77450,1,1.256511,2.067113,4.651e-05,49.4261,-0.491079,35590.3
77500,1,0.961624,2.066548,4.646e-05,49.4289,-0.491073,35613.0
77550,1,0.996258,2.065883,4.64e-05,49.4764,-0.491168,35635.6
77600,1,0.890548,2.065199,4.635e-05,49.532,-0.491268,35658.3
77650,1,1.303551,2.064601,4.629e-05,49.5461,-0.491341,35680.9
77700,1,1.03666,2.06411,4.624e-05,49.5037,-0.491354,35703.7
77750,1,0.967381,2.063613,4.619e-05,49.4801,-0.491377,35726.4
77800,1,1.447021,2.062966,4.613e-05,49.5168,-0.491433,35749.1
77850,1,1.044342,2.06222,4.608e-05,49.5696,-0.491508,35771.7
77900,1,0.87529,2.061487,4.602e-05,49.6203,-0.491604,35794.2
77950,1,1.496816,2.06083,4.597e-05,49.6441,-0.491645,35816.9
78000,1,0.890342,2.060179,4.591e-05,49.663,-0.491757,35839.6
78050,1,1.296039,2.059547,4.586e-05,49.6886,-0.491773,35866.4
78100,1,1.28913,2.058943,4.581e-05,49.6868,-0.491808,35889.3
78150,1,1.005003,2.058343,4.575e-05,49.6901,-0.491885,35911.9
78200,1,0.610316,2.057545,4.57e-05,49.7873,-0.492122,35934.6
